Rk,Player,Nation,Pos,Squad,Age,Born,MP,Starts,Min,90s,Gls,Ast,G+A,G-PK,PK,PKatt,CrdY,CrdR,Gls,Ast,G+A,G-PK,G+A-PK,Matches
1,Mohammed Abbas,ae UAE,MF,ae Al Ain FC,22,2002,2,1,87,1,0,0,0,0,0,0,0,0,0,0,0,0,0,Matches
2,Wessam Abou Ali,ps PLE,FW,eg Al Ahly,26,1999,3,3,196,2.2,3,0,3,2,1,1,0,0,1.38,0,1.38,0.92,0.92,Matches
3,Francesco Acerbi,it ITA,DF,it Inter,36,1988,2,2,180,2,0,0,0,0,0,0,0,0,0,0,0,0,0,Matches
4,Alonso Aceves,mx MEX,MF,mx Pachuca,23,2001,1,1,90,1,0,0,0,0,0,0,0,0,0,0,0,0,0,Matches
5,Joshua Acheampong,eng ENG,DF,eng Chelsea,18,2006,1,1,90,1,0,0,0,0,0,0,0,0,0,0,0,0,0,Matches
6,Marcos Acuña,ar ARG,DF,ar River Plate,33,1991,3,3,268,3,0,2,2,0,0,0,1,0,0,0.67,0.67,0,0.67,Matches
7,Jayden Adams,za RSA,MF,za Mamelodi Sundowns,23,2001,3,0,73,0.8,0,0,0,0,0,0,0,0,0,0,0,0,0,Matches
8,Tosin Adarabioyo,eng ENG,DF,eng Chelsea,27,1997,4,3,321,3.6,1,0,1,1,0,0,1,0,0.28,0,0.28,0.28,0.28,Matches
9,Karim Adeyemi,de GER,FW,de Dortmund,23,2002,5,4,231,2.6,0,2,2,0,0,0,0,0,0,0.78,0.78,0,0.78,Matches
10,Luis Advíncula,pe PER,DF,ar Boca Juniors,34,1990,3,3,270,3,0,0,0,0,0,0,1,0,0,0,0,0,0,Matches
11,Vasilije Adžić,me MNE,MF,it Juventus,18,2006,1,0,8,0.1,0,0,0,0,0,0,0,0,0,0,0,0,0,Matches
12,Afsha,eg EGY,MF,eg Al Ahly,28,1996,3,0,45,0.5,0,0,0,0,0,0,0,0,0,0,0,0,0,Matches
13,Érick Aguirre,mx MEX,"MF,DF",mx Monterrey,27,1997,3,2,213,2.4,0,1,1,0,0,0,1,0,0,0.42,0.42,0,0.42,Matches
14,Jorge Agustín Rodríguez,ar ARG,"MF,DF",mx Monterrey,29,1995,3,3,258,2.9,0,0,0,0,0,0,2,0,0,0,0,0,0,Matches
15,Rayan Aït-Nouri,dz ALG,DF,eng Manchester City,23,2001,3,3,284,3.2,0,1,1,0,0,0,0,0,0,0.32,0.32,0,0.32,Matches
16,Manuel Akanji,ch SUI,DF,eng Manchester City,29,1995,3,2,248,2.8,0,0,0,0,0,0,1,0,0,0,0,0,0,Matches
17,Nathan Aké,nl NED,DF,eng Manchester City,29,1995,2,1,158,1.8,0,0,0,0,0,0,0,0,0,0,0,0,0,Matches
18,Kerem Aktürkoğlu,tr TUR,MF,pt Benfica,26,1998,4,1,202,2.2,0,0,0,0,0,0,0,0,0,0,0,0,0,Matches
19,William Alarcón,cl CHI,MF,ar Boca Juniors,24,2000,2,0,47,0.5,0,0,0,0,0,0,0,0,0,0,0,0,0,Matches
20,Jordi Alba,es ESP,DF,us Inter Miami,35,1989,3,1,127,1.4,0,0,0,0,0,0,0,0,0,0,0,0,0,Matches
21,Trent Alexander-Arnold,eng ENG,"DF,MF",es Real Madrid,26,1998,5,5,387,4.3,0,2,2,0,0,0,0,0,0,0.47,0.47,0,0.47,Matches
22,Luis Alfonso Rodríguez,mx MEX,DF,mx Pachuca,34,1991,2,2,149,1.7,0,0,0,0,0,0,0,0,0,0,0,0,0,Matches
23,Rodrigo Aliendro,ar ARG,MF,ar River Plate,33,1991,1,1,60,0.7,0,0,0,0,0,0,0,0,0,0,0,0,0,Matches
24,Allan,br BRA,MF,br Flamengo,27,1997,3,1,153,1.7,0,0,0,0,0,0,1,0,0,0,0,0,0,Matches
25,Allan,br BRA,MF,br Palmeiras,20,2004,4,2,186,2.1,0,1,1,0,0,0,0,0,0,0.48,0.48,0,0.48,Matches
Rk,Player,Nation,Pos,Squad,Age,Born,MP,Starts,Min,90s,Gls,Ast,G+A,G-PK,PK,PKatt,CrdY,CrdR,Gls,Ast,G+A,G-PK,G+A-PK,Matches
26,Allan,br BRA,MF,br Botafogo (RJ),34,1991,3,3,209,2.3,0,0,0,0,0,0,0,0,0,0,0,0,0,Matches
27,Noah Allen,gr GRE,DF,us Inter Miami,20,2004,4,4,288,3.2,0,0,0,0,0,0,0,0,0,0,0,0,0,Matches
28,Marcelo Allende,cl CHI,MF,za Mamelodi Sundowns,25,1999,3,3,270,3,0,0,0,0,0,0,1,0,0,0,0,0,0,Matches
29,Tadeo Allende,ar ARG,MF,us Inter Miami,25,1999,4,4,324,3.6,1,0,1,1,0,0,0,0,0.28,0,0.28,0.28,0.28,Matches
30,Alfonso Alvarado,mx MEX,FW,mx Monterrey,24,2000,3,1,68,0.8,0,1,1,0,0,0,1,0,0,1.32,1.32,0,1.32,Matches
31,Julián Álvarez,ar ARG,FW,es Atlético Madrid,25,2000,3,3,261,2.9,0,1,1,0,0,0,0,0,0,0.34,0.34,0,0.34,Matches
32,Frankie Amaya,us USA,MF,us LAFC,24,2000,3,0,22,0.2,0,0,0,0,0,0,0,0,0,0,0,0,0,Matches
33,Fidel Ambríz,mx MEX,MF,mx Monterrey,21,2003,4,1,130,1.4,0,1,1,0,0,0,1,0,0,0.69,0.69,0,0.69,Matches
34,Mohamed Amine Tougai,dz ALG,DF,tn Espérance Tunis,25,2000,3,3,270,3,0,0,0,0,0,0,1,0,0,0,0,0,0,Matches
35,Nordin Amrabat,ma MAR,"MF,FW",ma Wydad AC,37,1987,3,3,241,2.7,0,1,1,0,0,0,1,0,0,0.37,0.37,0,0.37,Matches
36,Felipe Anderson,br BRA,MF,br Palmeiras,31,1993,1,1,64,0.7,0,0,0,0,0,0,1,0,0,0,0,0,0,Matches
37,Esteban Andrada,ar ARG,GK,mx Monterrey,34,1991,4,4,360,4,0,0,0,0,0,0,0,0,0,0,0,0,0,Matches
38,Aaron Anselmino,ar ARG,DF,eng Chelsea,19,2005,1,0,3,0,0,0,0,0,0,0,0,0,0,0,0,0,0,Matches
39,Waldemar Anton,de GER,DF,de Dortmund,28,1996,5,5,450,5,0,0,0,0,0,0,0,0,0,0,0,0,0,Matches
40,Luiz Araújo,br BRA,MF,br Flamengo,28,1996,4,4,338,3.8,1,1,2,1,0,0,0,0,0.27,0.27,0.53,0.27,0.53,Matches
41,Jhon Arias,co COL,"FW,MF",br Fluminense,27,1997,6,6,540,6,1,1,2,1,0,0,1,0,0.17,0.17,0.33,0.17,0.33,Matches
42,Franco Armani,ar ARG,GK,ar River Plate,38,1986,3,3,270,3,0,0,0,0,0,0,0,0,0,0,0,0,0,Matches
43,Gerardo Arteaga,mx MEX,"MF,DF",mx Monterrey,26,1998,4,3,296,3.3,0,0,0,0,0,0,0,0,0,0,0,0,0,Matches
44,Artur,br BRA,"FW,MF",br Botafogo (RJ),26,1998,4,4,359,4,0,0,0,0,0,0,1,0,0,0,0,0,0,Matches
45,Raúl Asencio,es ESP,DF,es Real Madrid,21,2003,4,3,120,1.3,0,0,0,0,0,0,0,1,0,0,0,0,0,Matches
46,Emam Ashour,eg EGY,MF,eg Al Ahly,26,1998,1,1,13,0.1,0,0,0,0,0,0,0,0,0,0,0,0,0,Matches
47,Kristjan Asllani,al ALB,MF,it Inter,22,2002,4,4,280,3.1,0,0,0,0,0,0,2,0,0,0,0,0,0,Matches
48,Otavio Ataide,br BRA,DF,pt Porto,22,2002,1,0,4,0,0,0,0,0,0,0,0,0,0,0,0,0,0,Matches
49,Marwan Attia,eg EGY,MF,eg Al Ahly,26,1998,2,2,180,2,0,0,0,0,0,0,2,0,0,0,0,0,0,Matches
50,Yahya Attiat Allah,ma MAR,DF,eg Al Ahly,29,1995,1,1,86,1,0,0,0,0,0,0,1,0,0,0,0,0,0,Matches
Rk,Player,Nation,Pos,Squad,Age,Born,MP,Starts,Min,90s,Gls,Ast,G+A,G-PK,PK,PKatt,CrdY,CrdR,Gls,Ast,G+A,G-PK,G+A-PK,Matches
51,Bathusi Aubaas,za RSA,MF,za Mamelodi Sundowns,29,1995,1,0,14,0.2,0,0,0,0,0,0,0,0,0,0,0,0,0,Matches
52,Carlos Augusto,br BRA,"MF,DF",it Inter,26,1999,4,2,206,2.3,0,1,1,0,0,0,1,0,0,0.44,0.44,0,0.44,Matches
53,Fredrik Aursnes,no NOR,"DF,MF",pt Benfica,29,1995,4,4,334,3.7,0,0,0,0,0,0,0,0,0,0,0,0,0,Matches
54,Tomás Avilés,ar ARG,DF,us Inter Miami,20,2004,4,2,235,2.6,0,0,0,0,0,0,2,0,0,0,0,0,0,Matches
55,Stephane Aziz Ki,bf BFA,MF,ma Wydad AC,28,1996,2,0,11,0.1,0,0,0,0,0,0,0,0,0,0,0,0,0,Matches
56,Adam Aznou,ma MAR,DF,de Bayern Munich,18,2006,1,0,9,0.1,0,0,0,0,0,0,0,0,0,0,0,0,0,Matches
57,Benoît Badiashile,fr FRA,DF,eng Chelsea,23,2001,2,2,159,1.8,0,0,0,0,0,0,0,0,0,0,0,0,0,Matches
58,Edmund Baidoo,gh GHA,FW,at RB Salzburg,19,2006,3,3,218,2.4,0,0,0,0,0,0,0,0,0,0,0,0,0,Matches
59,Samson Baidoo,at AUT,DF,at RB Salzburg,20,2004,1,0,2,0,0,0,0,0,0,0,0,0,0,0,0,0,0,Matches
60,Adrian Bajrami,ch SUI,DF,pt Benfica,22,2002,2,0,18,0.2,0,0,0,0,0,0,1,0,0,0,0,0,0,Matches
61,Reed Baker-Whiting,us USA,DF,us Seattle Sounders,19,2005,2,1,135,1.5,0,0,0,0,0,0,0,0,0,0,0,0,0,Matches
62,Danilo Barbosa,br BRA,MF,br Botafogo (RJ),28,1996,2,1,87,1,0,0,0,0,0,0,0,0,0,0,0,0,0,Matches
63,Alexander Barboza,ar ARG,DF,br Botafogo (RJ),29,1995,4,4,390,4.3,0,0,0,0,0,0,2,0,0,0,0,0,0,Matches
64,Bradley Barcola,fr FRA,FW,fr Paris Saint-Germain,22,2002,6,2,287,3.2,0,2,2,0,0,0,0,0,0,0.63,0.63,0,0.63,Matches
65,Nicolò Barella,it ITA,MF,it Inter,27,1997,4,4,331,3.7,0,1,1,0,0,0,1,0,0,0.27,0.27,0,0.27,Matches
66,Leandro Barreiro Martins,lu LUX,MF,pt Benfica,25,2000,4,3,301,3.3,2,0,2,2,0,0,0,0,0.6,0,0.6,0.6,0.6,Matches
67,Sergio Barreto,ar ARG,DF,mx Pachuca,25,1999,1,1,56,0.6,0,0,0,0,0,0,1,0,0,0,0,0,0,Matches
68,Pablo Barrios,es ESP,MF,es Atlético Madrid,21,2003,3,3,242,2.7,2,0,2,2,0,0,0,0,0.74,0,0.74,0.74,0.74,Matches
69,Alessandro Bastoni,it ITA,DF,it Inter,25,1999,4,3,269,3,1,0,1,1,0,0,2,0,0.33,0,0.33,0.33,0.33,Matches
70,Rodrigo Battaglia,ar ARG,MF,ar Boca Juniors,33,1991,3,3,270,3,1,0,1,1,0,0,0,0,0.33,0,0.33,0.33,0.33,Matches
71,Alán Bautista,mx MEX,MF,mx Pachuca,22,2002,3,1,87,1,0,0,0,0,0,0,0,0,0,0,0,0,0,Matches
72,Paulo Baya,br BRA,MF,br Fluminense,25,1999,1,0,4,0,0,0,0,0,0,0,0,0,0,0,0,0,0,Matches
73,Ahmed Beckham,eg EGY,DF,eg Al Ahly,27,1997,2,1,119,1.3,0,0,0,0,0,0,1,0,0,0,0,0,0,Matches
74,Maximilian Beier,de GER,"FW,MF",de Dortmund,22,2002,3,0,85,0.9,1,0,1,1,0,0,1,0,1.06,0,1.06,1.06,1.06,Matches
75,Youcef Belaïli,dz ALG,MF,tn Espérance Tunis,32,1992,2,2,179,2,1,0,1,1,0,0,2,0,0.5,0,0.5,0.5,0.5,Matches
Rk,Player,Nation,Pos,Squad,Age,Born,MP,Starts,Min,90s,Gls,Ast,G+A,G-PK,PK,PKatt,CrdY,CrdR,Gls,Ast,G+A,G-PK,G+A-PK,Matches
76,Adam Bell,nz NZL,DF,nz Auckland City,20,2004,1,1,90,1,0,0,0,0,0,0,0,0,0,0,0,0,0,Matches
77,Jon Bell,jm JAM,DF,us Seattle Sounders,27,1997,3,2,206,2.3,0,0,0,0,0,0,0,0,0,0,0,0,0,Matches
78,Jobe Bellingham,eng ENG,MF,de Dortmund,19,2005,4,3,226,2.5,0,1,1,0,0,0,2,0,0,0.4,0.4,0,0.4,Matches
79,Jude Bellingham,eng ENG,MF,es Real Madrid,21,2003,6,6,442,4.9,1,1,2,1,0,0,1,0,0.2,0.2,0.41,0.2,0.41,Matches
80,Tomás Belmonte,ar ARG,MF,ar Boca Juniors,26,1998,2,1,139,1.5,0,0,0,0,0,0,0,0,0,0,0,0,0,Matches
81,Andrea Belotti,it ITA,FW,pt Benfica,31,1993,2,0,77,0.9,0,0,0,0,0,0,0,1,0,0,0,0,0,Matches
82,Mohamed Ben Ali,tn TUN,DF,tn Espérance Tunis,29,1995,3,3,263,2.9,0,0,0,0,0,0,2,0,0,0,0,0,0,Matches
83,Bechir Ben Said,tn TUN,GK,tn Espérance Tunis,32,1992,3,3,270,3,0,0,0,0,0,0,0,0,0,0,0,0,0,Matches
84,Achraf Bencharki,ma MAR,FW,eg Al Ahly,30,1994,2,0,61,0.7,0,1,1,0,0,0,1,0,0,1.48,1.48,0,1.48,Matches
85,Yahya Benkhaleq,ma MAR,DF,ae Al Ain FC,23,2001,1,1,90,1,0,0,0,0,0,0,0,0,0,0,0,0,0,Matches
86,Ismael Benktib,es ESP,MF,ma Wydad AC,26,1998,1,0,12,0.1,0,0,0,0,0,0,1,0,0,0,0,0,0,Matches
87,Ramy Bensebaini,dz ALG,DF,de Dortmund,29,1995,5,5,450,5,0,0,0,0,0,0,1,0,0,0,0,0,0,Matches
88,Lucas Beraldo,br BRA,DF,fr Paris Saint-Germain,21,2003,5,3,322,3.6,0,0,0,0,0,0,0,0,0,0,0,0,0,Matches
89,Facundo Bernal,uy URU,MF,br Fluminense,21,2003,5,3,263,2.9,0,0,0,0,0,0,1,0,0,0,0,0,0,Matches
90,Germán Berterame,mx MEX,FW,mx Monterrey,26,1998,4,4,313,3.5,3,0,3,3,0,0,0,0,0.86,0,0.86,0.86,0.86,Matches
91,Myer Bevan,nz NZL,FW,nz Auckland City,27,1997,3,3,252,2.8,0,0,0,0,0,0,0,0,0,0,0,0,0,Matches
92,Mads Bidstrup,dk DEN,MF,at RB Salzburg,23,2001,2,2,180,2,0,1,1,0,0,0,0,0,0,0.5,0.5,0,0.5,Matches
93,Tom Bischof,de GER,MF,de Bayern Munich,19,2005,1,1,45,0.5,0,0,0,0,0,0,0,0,0,0,0,0,0,Matches
94,Lautaro Blanco,ar ARG,DF,ar Boca Juniors,25,1999,3,3,270,3,0,1,1,0,0,0,0,0,0,0.33,0.33,0,0.33,Matches
95,Oscar Bobb,no NOR,"FW,MF",eng Manchester City,21,2003,2,0,61,0.7,1,0,1,1,0,0,0,0,1.48,0,1.48,1.48,1.48,Matches
96,Sacha Boey,fr FRA,DF,de Bayern Munich,24,2000,4,2,206,2.3,1,1,2,1,0,0,0,0,0.44,0.44,0.87,0.44,0.87,Matches
97,Darijan Bojanić,se SWE,MF,kr Ulsan HD,30,1994,3,3,235,2.6,0,0,0,0,0,0,1,0,0,0,0,0,0,Matches
98,Gonçalo Borges,pt POR,MF,pt Porto,23,2001,2,0,77,0.9,0,1,1,0,0,0,0,0,0,1.17,1.17,0,1.17,Matches
99,Miguel Borja,co COL,FW,ar River Plate,32,1993,3,1,150,1.7,0,0,0,0,0,0,0,0,0,0,0,0,0,Matches
100,Denis Bouanga,ga GAB,FW,us LAFC,30,1994,3,3,270,3,1,0,1,1,0,1,0,0,0.33,0,0.33,0.33,0.33,Matches
Rk,Player,Nation,Pos,Squad,Age,Born,MP,Starts,Min,90s,Gls,Ast,G+A,G-PK,PK,PKatt,CrdY,CrdR,Gls,Ast,G+A,G-PK,G+A-PK,Matches
101,Ayoub Boucheta,ma MAR,DF,ma Wydad AC,31,1993,1,1,90,1,0,0,0,0,0,0,0,0,0,0,0,0,0,Matches
102,Raed Bouchniba,tn TUN,DF,tn Espérance Tunis,21,2003,2,0,26,0.3,0,0,0,0,0,0,0,0,0,0,0,0,0,Matches
103,Yassine Bounou,ma MAR,GK,sa Al-Hilal,33,1991,5,5,480,5.3,0,0,0,0,0,0,0,0,0,0,0,0,0,Matches
104,Abdelmounaim Boutouil,ma MAR,DF,ma Wydad AC,27,1998,2,2,167,1.9,0,0,0,0,0,0,0,0,0,0,0,0,0,Matches
105,Nikko Boxall,nz NZL,DF,nz Auckland City,32,1992,3,3,270,3,0,0,0,0,0,0,0,0,0,0,0,0,0,Matches
106,Danilo Boza,br BRA,DF,jp Urawa Reds,26,1998,3,3,270,3,0,0,0,0,0,0,0,0,0,0,0,0,0,Matches
107,Malcom Braida,ar ARG,"DF,MF",ar Boca Juniors,27,1997,2,0,69,0.8,0,0,0,0,0,0,0,0,0,0,0,0,0,Matches
108,Julian Brandt,de GER,"MF,FW",de Dortmund,28,1996,5,3,253,2.8,0,1,1,0,0,0,0,0,0,0.36,0.36,0,0.36,Matches
109,Bruma,pt POR,FW,pt Benfica,30,1994,1,1,60,0.7,0,0,0,0,0,0,0,0,0,0,0,0,0,Matches
110,Ali Al-Bulaihi,sa KSA,DF,sa Al-Hilal,35,1989,2,0,41,0.5,0,0,0,0,0,0,0,0,0,0,0,0,0,Matches
111,Sergio Busquets,es ESP,MF,us Inter Miami,36,1988,4,4,360,4,0,0,0,0,0,0,1,0,0,0,0,0,0,Matches
112,Arthur Cabral,br BRA,FW,br Botafogo (RJ),26,1998,2,0,40,0.4,0,0,0,0,0,0,0,0,0,0,0,0,0,Matches
113,Gustavo Cabral,ar ARG,DF,mx Pachuca,39,1985,1,0,45,0.5,0,0,0,0,0,0,0,0,0,0,0,0,0,Matches
114,Moisés Caicedo,ec ECU,MF,eng Chelsea,23,2001,5,5,472,5.2,0,1,1,0,0,0,3,0,0,0.19,0.19,0,0.19,Matches
115,Andrea Cambiaso,it ITA,MF,it Juventus,24,2000,4,3,259,2.9,0,1,1,0,0,0,1,0,0,0.35,0.35,0,0.35,Matches
116,Sergio Canales,es ESP,MF,mx Monterrey,33,1991,3,3,265,2.9,0,0,0,0,0,0,0,0,0,0,0,0,0,Matches
117,João Cancelo,pt POR,DF,sa Al-Hilal,30,1994,5,5,403,4.5,0,1,1,0,0,0,0,0,0,0.22,0.22,0,0.22,Matches
118,Germán Cano,ar ARG,FW,br Fluminense,36,1988,6,5,376,4.2,1,1,2,1,0,0,1,0,0.24,0.24,0.48,0.24,0.48,Matches
119,Agustín Canobbio,uy URU,FW,br Fluminense,26,1998,3,2,157,1.7,0,0,0,0,0,0,0,0,0,0,0,0,0,Matches
120,Valentin Carboni,ar ARG,MF,it Inter,19,2005,3,0,75,0.8,1,0,1,1,0,0,0,0,1.2,0,1.2,1.2,1.2,Matches
121,Álvaro Carreras,es ESP,DF,pt Benfica,21,2003,2,2,135,1.5,0,0,0,0,0,0,2,0,0,0,0,0,0,Matches
122,Dani Carvajal,es ESP,DF,es Real Madrid,33,1992,1,0,20,0.2,0,0,0,0,0,0,1,0,0,0,0,0,0,Matches
123,Milton Casco,ar ARG,DF,ar River Plate,36,1988,1,0,2,0,0,0,0,0,0,0,0,0,0,0,0,0,0,Matches
124,Kevin Castaño,co COL,MF,ar River Plate,24,2000,2,2,179,2,0,0,0,0,0,0,2,1,0,0,0,0,0,Matches
125,Edinson Cavani,uy URU,FW,ar Boca Juniors,37,1987,1,1,53,0.6,0,0,0,0,0,0,0,0,0,0,0,0,0,Matches
Rk,Player,Nation,Pos,Squad,Age,Born,MP,Starts,Min,90s,Gls,Ast,G+A,G-PK,PK,PKatt,CrdY,CrdR,Gls,Ast,G+A,G-PK,G+A-PK,Matches
126,Dani Ceballos,es ESP,MF,es Real Madrid,28,1996,4,0,73,0.8,0,0,0,0,0,0,0,0,0,0,0,0,0,Matches
127,Murilo Cerqueira,br BRA,DF,br Palmeiras,27,1997,3,3,197,2.2,0,0,0,0,0,0,0,0,0,0,0,0,0,Matches
128,Kaio César,br BRA,"FW,MF",sa Al-Hilal,20,2004,2,0,65,0.7,0,0,0,0,0,0,0,0,0,0,0,0,0,Matches
129,Nassim Chadli,fr FRA,MF,ae Al Ain FC,23,2001,3,1,114,1.3,0,0,0,0,0,0,0,0,0,0,0,0,0,Matches
130,Trevoh Chalobah,eng ENG,DF,eng Chelsea,25,1999,5,4,395,4.4,0,1,1,0,0,0,0,0,0,0.23,0.23,0,0.23,Matches
131,Ricardo Chávez Soto,mx MEX,"MF,DF",mx Monterrey,30,1994,2,2,147,1.6,0,0,0,0,0,0,0,0,0,0,0,0,0,Matches
132,Rayan Cherki,fr FRA,MF,eng Manchester City,21,2003,4,1,122,1.4,1,1,2,1,0,0,0,0,0.74,0.74,1.48,0.74,1.48,Matches
133,Carney Chukwuemeka,eng ENG,MF,de Dortmund,21,2003,4,0,65,0.7,0,0,0,0,0,0,1,0,0,0,0,0,0,Matches
134,Lee Chung-yong,kr KOR,MF,kr Ulsan HD,36,1988,3,1,80,0.9,0,0,0,0,0,0,0,0,0,0,0,0,0,Matches
135,Facundo Colidio,ar ARG,FW,ar River Plate,25,2000,3,3,231,2.6,1,0,1,1,0,0,0,0,0.39,0,0.39,0.39,0.39,Matches
136,Levi Colwill,eng ENG,DF,eng Chelsea,21,2003,5,5,477,5.3,0,1,1,0,0,0,3,0,0,0.19,0.19,0,0.19,Matches
137,Kingsley Coman,fr FRA,MF,de Bayern Munich,28,1996,4,4,247,2.7,2,1,3,2,0,0,0,0,0.73,0.36,1.09,0.73,1.09,Matches
138,Francisco Conceição,pt POR,MF,it Juventus,22,2002,3,3,221,2.5,2,0,2,2,0,0,1,0,0.81,0,0.81,0.81,0.81,Matches
139,Dylan Connolly,ie IRL,DF,nz Auckland City,24,2000,1,0,37,0.4,0,0,0,0,0,0,0,0,0,0,0,0,0,Matches
140,Jesús Corona,mx MEX,"MF,FW",mx Monterrey,32,1993,3,3,210,2.3,1,0,1,1,0,0,0,0,0.43,0,0.43,0.43,0.43,Matches
141,Ángel Correa,ar ARG,"FW,MF",es Atlético Madrid,29,1995,3,0,82,0.9,0,0,0,0,0,0,1,0,0,0,0,0,0,Matches
142,Joaquín Correa,ar ARG,"FW,MF",br Botafogo (RJ),30,1994,2,0,95,1.1,0,0,0,0,0,0,1,0,0,0,0,0,0,Matches
143,Jordi Cortizo,mx MEX,MF,mx Monterrey,28,1996,2,0,8,0.1,0,0,0,0,0,0,0,0,0,0,0,0,0,Matches
144,Alberto costa,pt POR,MF,it Juventus,21,2003,4,4,308,3.4,0,2,2,0,0,0,0,0,0,0.58,0.58,0,0.58,Matches
145,Ayrton Costa,ar ARG,DF,ar Boca Juniors,25,1999,2,2,180,2,0,1,1,0,0,0,1,0,0,0.5,0.5,0,0.5,Matches
146,Giorgio Costantini,br BRA,MF,ar River Plate,18,2006,1,0,29,0.3,0,0,0,0,0,0,0,0,0,0,0,0,0,Matches
147,Thibaut Courtois,be BEL,GK,es Real Madrid,32,1992,6,6,540,6,0,0,0,0,0,0,0,0,0,0,0,0,0,Matches
148,Yan Couto,br BRA,MF,de Dortmund,22,2002,5,2,249,2.8,0,0,0,0,0,0,2,0,0,0,0,0,0,Matches
149,Ben Cremaschi,us USA,MF,us Inter Miami,19,2005,4,1,141,1.6,0,0,0,0,0,0,0,0,0,0,0,0,0,Matches
150,Marc Cucurella,es ESP,DF,eng Chelsea,26,1998,6,6,570,6.3,0,0,0,0,0,0,1,0,0,0,0,0,0,Matches
Rk,Player,Nation,Pos,Squad,Age,Born,MP,Starts,Min,90s,Gls,Ast,G+A,G-PK,PK,PKatt,CrdY,CrdR,Gls,Ast,G+A,G-PK,G+A-PK,Matches
151,Cuiabano,br BRA,DF,br Botafogo (RJ),21,2003,4,0,126,1.4,0,0,0,0,0,0,1,0,0,0,0,0,0,Matches
152,Jair Cunha,br BRA,DF,br Botafogo (RJ),19,2005,4,4,353,3.9,1,0,1,1,0,0,0,0,0.25,0,0.25,0.25,0.25,Matches
153,Keanu Cupido,za RSA,DF,za Mamelodi Sundowns,27,1998,3,3,233,2.6,0,0,0,0,0,0,0,0,0,0,0,0,0,Matches
154,Adam Daghim,dk DEN,FW,at RB Salzburg,19,2005,3,0,83,0.9,0,0,0,0,0,0,0,0,0,0,0,0,0,Matches
155,Samuel Dahl,se SWE,DF,pt Benfica,24,2000,4,3,300,3.3,0,0,0,0,0,0,0,0,0,0,0,0,0,Matches
156,Danilo,br BRA,DF,br Flamengo,33,1991,2,2,180,2,1,0,1,1,0,0,0,0,0.5,0,0.5,0.5,0.5,Matches
157,Achraf Dari,ma MAR,DF,eg Al Ahly,25,1999,3,3,241,2.7,0,0,0,0,0,0,1,0,0,0,0,0,0,Matches
158,Matteo Darmian,it ITA,"DF,MF",it Inter,35,1989,4,4,352,3.9,0,0,0,0,0,0,0,0,0,0,0,0,0,Matches
159,Nasser Al-Dawsari,sa KSA,MF,sa Al-Hilal,26,1998,5,5,437,4.9,0,1,1,0,0,0,0,0,0,0.21,0.21,0,0.21,Matches
160,Salem Al-Dawsari,sa KSA,"MF,FW",sa Al-Hilal,33,1991,3,3,255,2.8,1,0,1,1,0,0,0,0,0.35,0,0.35,0.35,0.35,Matches
161,Giorgian De Arrascaeta,uy URU,MF,br Flamengo,30,1994,4,4,254,2.8,1,1,2,1,0,0,0,0,0.35,0.35,0.71,0.35,0.71,Matches
162,Nicolás De La Cruz,uy URU,MF,br Flamengo,27,1997,1,0,10,0.1,0,0,0,0,0,0,0,0,0,0,0,0,0,Matches
163,Pedro De la Vega,ar ARG,MF,us Seattle Sounders,23,2001,2,1,79,0.9,0,0,0,0,0,0,0,0,0,0,0,0,0,Matches
164,Rodrigo De Paul,ar ARG,MF,es Atlético Madrid,30,1994,3,3,190,2.1,0,0,0,0,0,0,1,0,0,0,0,0,0,Matches
165,Osaze De Rosario,gy GUY,FW,us Seattle Sounders,23,2001,1,0,7,0.1,0,0,0,0,0,0,0,0,0,0,0,0,0,Matches
166,Liam Delap,eng ENG,FW,eng Chelsea,21,2003,6,4,305,3.4,1,1,2,1,0,0,2,0,0.3,0.3,0.59,0.3,0.59,Matches
167,Marky Delgado,us USA,MF,us LAFC,29,1995,3,3,254,2.8,0,0,0,0,0,0,1,0,0,0,0,0,0,Matches
168,Ousmane Dembélé,fr FRA,FW,fr Paris Saint-Germain,27,1997,4,2,198,2.2,2,1,3,2,0,0,1,0,0.91,0.45,1.36,0.91,1.36,Matches
169,Michael den Heijer,nz NZL,DF,nz Auckland City,28,1996,2,2,159,1.8,0,0,0,0,0,0,0,0,0,0,0,0,0,Matches
170,Nelson Deossa,co COL,MF,mx Monterrey,24,2000,4,3,303,3.4,1,0,1,1,0,0,0,0,0.3,0,0.3,0.3,0.3,Matches
171,Kiernan Dewsbury-Hall,eng ENG,MF,eng Chelsea,26,1998,5,1,153,1.7,1,0,1,1,0,0,0,0,0.59,0,0.59,0.59,0.59,Matches
172,Michele Di Gregorio,it ITA,GK,it Juventus,27,1997,4,4,360,4,0,0,0,0,0,0,0,0,0,0,0,0,0,Matches
173,Lautaro Di Lollo,ar ARG,DF,ar Boca Juniors,20,2004,2,2,180,2,0,0,0,0,0,0,1,0,0,0,0,0,0,Matches
174,Ángel Di María,ar ARG,"MF,FW",pt Benfica,36,1988,4,4,372,4.1,4,0,4,0,4,4,0,0,0.97,0,0.97,0,0,Matches
175,Soumaïla Diabaté,ml MLI,MF,at RB Salzburg,20,2004,3,2,153,1.7,0,0,0,0,0,0,1,0,0,0,0,0,0,Matches
Rk,Player,Nation,Pos,Squad,Age,Born,MP,Starts,Min,90s,Gls,Ast,G+A,G-PK,PK,PKatt,CrdY,CrdR,Gls,Ast,G+A,G-PK,G+A-PK,Matches
176,Mamady Diambou,ml MLI,MF,at RB Salzburg,22,2002,1,1,45,0.5,0,0,0,0,0,0,0,0,0,0,0,0,0,Matches
177,Rúben Dias,pt POR,DF,eng Manchester City,27,1997,3,2,227,2.5,0,0,0,0,0,0,0,0,0,0,0,0,0,Matches
178,Brahim Díaz,ma MAR,"FW,MF",es Real Madrid,25,1999,4,0,106,1.2,0,1,1,0,0,0,0,0,0,0.85,0.85,0,0.85,Matches
179,Paulo Díaz,cl CHI,DF,ar River Plate,30,1994,2,2,180,2,0,0,0,0,0,0,1,0,0,0,0,0,0,Matches
180,Aliou Dieng,ml MLI,"DF,MF",eg Al Ahly,27,1997,1,0,56,0.6,0,0,0,0,0,0,0,0,0,0,0,0,0,Matches
181,Javairô Dilrosun,nl NED,FW,us LAFC,26,1998,2,1,105,1.2,0,0,0,0,0,0,0,0,0,0,0,0,0,Matches
182,Federico Dimarco,it ITA,MF,it Inter,27,1997,4,3,245,2.7,0,0,0,0,0,0,0,0,0,0,0,0,0,Matches
183,Jeremy Doku,be BEL,FW,eng Manchester City,22,2002,3,3,244,2.7,2,0,2,2,0,0,0,0,0.74,0,0.74,0.74,0.74,Matches
184,Alexei Dominguez,mx MEX,MF,mx Pachuca,20,2005,3,3,188,2.1,0,0,0,0,0,0,1,0,0,0,0,0,0,Matches
185,Gianluigi Donnarumma,it ITA,GK,fr Paris Saint-Germain,25,1999,7,7,630,7,0,0,0,0,0,0,0,0,0,0,0,0,0,Matches
186,Nene Dorgeles,ml MLI,MF,at RB Salzburg,22,2002,3,3,254,2.8,0,0,0,0,0,0,0,0,0,0,0,0,0,Matches
187,Thiago dos Santos,br BRA,DF,br Fluminense,35,1989,4,1,71,0.8,0,0,0,0,0,0,1,0,0,0,0,0,0,Matches
188,Désiré Doué,fr FRA,FW,fr Paris Saint-Germain,19,2005,7,7,545,6.1,1,0,1,1,0,0,1,0,0.17,0,0.17,0.17,0.17,Matches
189,Sebastián Driussi,ar ARG,FW,ar River Plate,28,1996,1,1,50,0.6,1,0,1,1,0,0,0,0,1.8,0,1.8,1.8,1.8,Matches
190,Denzel Dumfries,nl NED,MF,it Inter,28,1996,2,2,142,1.6,0,0,0,0,0,0,1,0,0,0,0,0,0,Matches
191,Julien Duranville,be BEL,FW,de Dortmund,18,2006,2,0,51,0.6,0,0,0,0,0,0,0,0,0,0,0,0,0,Matches
192,Jeremy Ebobisse,us USA,FW,us LAFC,27,1997,2,1,48,0.5,0,0,0,0,0,0,0,0,0,0,0,0,0,Matches
193,Claudio Echeverri,ar ARG,FW,eng Manchester City,19,2006,1,1,45,0.5,1,0,1,1,0,0,0,0,2,0,2,2,2,Matches
194,Ederson,br BRA,GK,eng Manchester City,31,1993,3,3,300,3.3,0,0,0,0,0,0,0,0,0,0,0,0,0,Matches
195,Javier Eduardo López,mx MEX,MF,mx Pachuca,30,1994,1,0,31,0.3,0,1,1,0,0,0,0,0,0,2.9,2.9,0,2.9,Matches
196,Khalid Eisa,ae UAE,GK,ae Al Ain FC,35,1989,1,1,90,1,0,0,0,0,0,0,0,0,0,0,0,0,0,Matches
197,Matt Ellis,nz NZL,MF,nz Auckland City,23,2001,2,0,68,0.8,0,0,0,0,0,0,0,0,0,0,0,0,0,Matches
198,Erik,ae UAE,DF,ae Al Ain FC,23,2001,1,0,29,0.3,0,0,0,0,0,0,0,0,0,0,0,0,0,Matches
199,Francesco Esposito,it ITA,FW,it Inter,19,2005,2,1,127,1.4,1,1,2,1,0,0,0,0,0.71,0.71,1.42,0.71,1.42,Matches
200,Sebastiano Esposito,it ITA,FW,it Inter,22,2002,4,2,136,1.5,0,0,0,0,0,0,1,0,0,0,0,0,0,Matches
Rk,Player,Nation,Pos,Squad,Age,Born,MP,Starts,Min,90s,Gls,Ast,G+A,G-PK,PK,PKatt,CrdY,CrdR,Gls,Ast,G+A,G-PK,G+A-PK,Matches
201,Dario Essugo,pt POR,MF,eng Chelsea,19,2005,3,0,41,0.5,0,0,0,0,0,0,0,0,0,0,0,0,0,Matches
202,Stephen Eustáquio,ca CAN,MF,pt Porto,28,1996,3,1,136,1.5,0,0,0,0,0,0,0,0,0,0,0,0,0,Matches
203,Lucas Evangelista,br BRA,MF,br Palmeiras,29,1995,2,1,70,0.8,0,0,0,0,0,0,0,0,0,0,0,0,0,Matches
204,Evertton,br BRA,MF,br Flamengo,21,2003,1,1,81,0.9,0,0,0,0,0,0,0,0,0,0,0,0,0,Matches
205,Fábio,br BRA,GK,br Fluminense,44,1980,6,6,540,6,0,0,0,0,0,0,0,0,0,0,0,0,0,Matches
206,Maximiliano Falcón,uy URU,DF,us Inter Miami,27,1997,4,4,360,4,0,0,0,0,0,0,0,0,0,0,0,0,0,Matches
207,Erick Farias,br BRA,FW,kr Ulsan HD,28,1997,3,3,259,2.9,0,0,0,0,0,0,0,0,0,0,0,0,0,Matches
208,Hamdy Fathy,eg EGY,MF,eg Al Ahly,30,1994,3,3,185,2.1,0,1,1,0,0,0,1,0,0,0.49,0.49,0,0.49,Matches
209,Martim Fernandes,pt POR,DF,pt Porto,19,2006,3,2,177,2,0,0,0,0,0,0,1,0,0,0,0,0,0,Matches
210,Enzo Fernández,ar ARG,MF,eng Chelsea,24,2001,7,6,508,5.6,1,3,4,1,0,0,0,0,0.18,0.53,0.71,0.18,0.71,Matches
211,Ignacio Fernández,ar ARG,MF,ar River Plate,35,1990,3,1,101,1.1,0,0,0,0,0,0,0,0,0,0,0,0,0,Matches
212,Jesús Ferreira,us USA,"MF,FW",us Seattle Sounders,24,2000,3,2,157,1.7,0,0,0,0,0,0,0,0,0,0,0,0,0,Matches
213,Jorge Figal,ar ARG,DF,ar Boca Juniors,30,1994,1,1,87,1,0,0,0,0,0,0,0,1,0,0,0,0,0,Matches
214,Iker Fimbres,mx MEX,MF,mx Monterrey,19,2005,1,0,26,0.3,0,0,0,0,0,0,0,0,0,0,0,0,0,Matches
215,Kodjo Fo-Doh Laba,tg TOG,FW,ae Al Ain FC,33,1992,3,2,221,2.5,1,0,1,0,1,1,0,0,0.41,0,0.41,0,0,Matches
216,Phil Foden,eng ENG,MF,eng Manchester City,24,2000,4,1,150,1.7,3,1,4,3,0,0,0,0,1.8,0.6,2.4,1.8,2.4,Matches
217,André Franco,pt POR,MF,pt Porto,26,1998,1,0,9,0.1,0,0,0,0,0,0,0,0,0,0,0,0,0,Matches
218,Ian Fray,jm JAM,DF,us Inter Miami,22,2002,2,2,168,1.9,0,0,0,0,0,0,0,0,0,0,0,0,0,Matches
219,Stefan Frei,ch SUI,GK,us Seattle Sounders,38,1986,3,3,270,3,0,0,0,0,0,0,0,0,0,0,0,0,0,Matches
220,Marlon Freitas,br BRA,MF,br Botafogo (RJ),29,1995,4,4,367,4.1,0,0,0,0,0,0,0,0,0,0,0,0,0,Matches
221,Juan Freytes,ar ARG,DF,br Fluminense,25,2000,5,5,450,5,1,0,1,1,0,0,2,0,0.2,0,0.2,0.2,0.2,Matches
222,Bruno Fuchs,br BRA,DF,br Palmeiras,25,1999,3,2,283,3.1,0,0,0,0,0,0,0,0,0,0,0,0,0,Matches
223,Gabriel Fuentes,co COL,"MF,DF",br Fluminense,27,1997,2,2,180,2,0,1,1,0,0,0,0,0,0,0.5,0.5,0,0.5,Matches
224,Eduardo Gabriel,br BRA,DF,mx Pachuca,28,1996,3,3,270,3,0,0,0,0,0,0,0,0,0,0,0,0,0,Matches
225,Kouakou Gadou,fr FRA,DF,at RB Salzburg,18,2007,3,3,270,3,0,0,0,0,0,0,0,0,0,0,0,0,0,Matches
Rk,Player,Nation,Pos,Squad,Age,Born,MP,Starts,Min,90s,Gls,Ast,G+A,G-PK,PK,PKatt,CrdY,CrdR,Gls,Ast,G+A,G-PK,G+A-PK,Matches
226,Javi Galán,es ESP,DF,es Atlético Madrid,30,1994,3,3,241,2.7,0,0,0,0,0,0,0,0,0,0,0,0,0,Matches
227,Conor Gallagher,eng ENG,MF,es Atlético Madrid,24,2000,3,1,99,1.1,0,0,0,0,0,0,1,0,0,0,0,0,0,Matches
228,Giuliano Galoppo,ar ARG,MF,ar River Plate,25,1999,2,1,115,1.3,0,0,0,0,0,0,2,0,0,0,0,0,0,Matches
229,Ganso,br BRA,MF,br Fluminense,35,1989,1,1,45,0.5,0,0,0,0,0,0,0,0,0,0,0,0,0,Matches
230,Fran Garcia,es ESP,"DF,MF",es Real Madrid,25,1999,6,6,540,6,1,1,2,1,0,0,0,0,0.17,0.17,0.33,0.17,0.33,Matches
231,Gonzalo García,es ESP,"FW,MF",es Real Madrid,20,2004,6,6,447,5,4,1,5,4,0,0,0,0,0.81,0.2,1.01,0.81,1.01,Matches
232,Gerard Garriga,es ESP,MF,nz Auckland City,31,1993,3,2,163,1.8,0,0,0,0,0,0,0,0,0,0,0,0,0,Matches
233,Nathan Garrow,nz NZL,GK,nz Auckland City,20,2004,2,2,180,2,0,0,0,0,0,0,0,0,0,0,0,0,0,Matches
234,Federico Gatti,it ITA,DF,it Juventus,26,1998,4,0,62,0.7,0,0,0,0,0,0,1,0,0,0,0,0,0,Matches
235,Tyrique George,eng ENG,FW,eng Chelsea,18,2006,2,0,50,0.6,1,0,1,1,0,0,0,0,1.8,0,1.8,1.8,1.8,Matches
236,Gerson,br BRA,MF,br Flamengo,27,1997,3,3,226,2.5,1,0,1,1,0,0,1,0,0.4,0,0.4,0.4,0.4,Matches
237,Khalid Al Ghannam,sa KSA,MF,sa Al-Hilal,24,2000,1,0,5,0.1,0,0,0,0,0,0,0,0,0,0,0,0,0,Matches
238,Agustín Giay,ar ARG,DF,br Palmeiras,21,2004,4,4,390,4.3,0,0,0,0,0,0,1,0,0,0,0,0,0,Matches
239,Milton Giménez,ar ARG,FW,ar Boca Juniors,28,1996,3,0,92,1,0,0,0,0,0,0,0,0,0,0,0,0,0,Matches
240,Olivier Giroud,fr FRA,FW,us LAFC,38,1986,3,1,162,1.8,0,0,0,0,0,0,0,0,0,0,0,0,0,Matches
241,Jamie Gittens,eng ENG,MF,de Dortmund,20,2004,1,0,14,0.2,0,0,0,0,0,0,0,0,0,0,0,0,0,Matches
242,Oscar Gloukh,il ISR,MF,at RB Salzburg,20,2004,3,3,232,2.6,1,0,1,1,0,0,0,0,0.39,0,0.39,0.39,0.39,Matches
243,Serge Gnabry,de GER,"MF,FW",de Bayern Munich,29,1995,5,3,262,2.9,0,1,1,0,0,0,0,0,0,0.34,0.34,0,0.34,Matches
244,William Gomes,br BRA,MF,pt Porto,18,2006,2,1,85,0.9,1,0,1,1,0,0,0,0,1.06,0,1.06,1.06,1.06,Matches
245,Gustavo Gómez,py PAR,DF,br Palmeiras,31,1993,4,4,385,4.3,0,0,0,0,0,0,3,1,0,0,0,0,0,Matches
246,Bryan González,mx MEX,DF,mx Pachuca,21,2003,3,2,214,2.4,1,0,1,1,0,0,0,0,0.42,0,0.42,0.42,0.42,Matches
247,Nicolás González,es ESP,MF,eng Manchester City,23,2002,1,1,60,0.7,0,0,0,0,0,0,0,0,0,0,0,0,0,Matches
248,Nicolás González,ar ARG,MF,it Juventus,26,1998,3,1,140,1.6,0,0,0,0,0,0,0,0,0,0,0,0,0,Matches
249,Leon Goretzka,de GER,MF,de Bayern Munich,29,1995,3,2,125,1.4,1,0,1,1,0,0,1,0,0.72,0,0.72,0.72,0.72,Matches
250,Tiago Gouveia,pt POR,MF,pt Benfica,23,2001,3,0,60,0.7,0,1,1,0,0,0,2,0,0,1.5,1.5,0,1.5,Matches
Rk,Player,Nation,Pos,Squad,Age,Born,MP,Starts,Min,90s,Gls,Ast,G+A,G-PK,PK,PKatt,CrdY,CrdR,Gls,Ast,G+A,G-PK,G+A-PK,Matches
251,Nejc Gradišar,si SVN,FW,eg Al Ahly,22,2002,3,0,74,0.8,0,0,0,0,0,0,0,0,0,0,0,0,0,Matches
252,Christian Gray,nz NZL,DF,nz Auckland City,28,1996,2,1,102,1.1,1,0,1,1,0,0,0,0,0.88,0,0.88,0.88,0.88,Matches
253,Gregore,br BRA,MF,br Botafogo (RJ),30,1994,3,3,270,3,0,0,0,0,0,0,2,0,0,0,0,0,0,Matches
254,Antoine Griezmann,fr FRA,FW,es Atlético Madrid,33,1991,3,1,160,1.8,1,0,1,1,0,0,0,0,0.56,0,0.56,0.56,0.56,Matches
255,Pascal Groß,de GER,MF,de Dortmund,33,1991,5,5,360,4,0,0,0,0,0,0,1,0,0,0,0,0,0,Matches
256,Khalil Guenichi,tn TUN,MF,tn Espérance Tunis,22,2002,3,3,235,2.6,0,0,0,0,0,0,1,0,0,0,0,0,0,Matches
257,Raphaël Guerreiro,pt POR,DF,de Bayern Munich,31,1993,4,3,219,2.4,0,0,0,0,0,0,0,0,0,0,0,0,0,Matches
258,Guga,br BRA,"MF,DF",br Fluminense,26,1998,3,2,183,2,0,0,0,0,0,0,0,0,0,0,0,0,0,Matches
259,Serhou Guirassy,gn GUI,FW,de Dortmund,28,1996,5,5,436,4.8,4,0,4,3,1,1,1,0,0.83,0,0.83,0.62,0.62,Matches
260,Marc Guiu,es ESP,FW,eng Chelsea,19,2006,2,0,41,0.5,0,0,0,0,0,0,0,0,0,0,0,0,0,Matches
261,Deniz Gül,tr TUR,FW,pt Porto,20,2004,1,0,4,0,0,0,0,0,0,0,0,0,0,0,0,0,0,Matches
262,Arda Güler,tr TUR,MF,es Real Madrid,19,2005,6,5,419,4.7,1,2,3,1,0,0,0,0,0.21,0.43,0.64,0.21,0.64,Matches
263,İlkay Gündoğan,de GER,MF,eng Manchester City,34,1990,4,2,189,2.1,2,1,3,2,0,0,0,0,0.95,0.48,1.43,0.95,1.43,Matches
264,Samuel Gustafson,se SWE,MF,jp Urawa Reds,30,1995,3,3,217,2.4,0,0,0,0,0,0,1,0,0,0,0,0,0,Matches
265,Malo Gusto,fr FRA,DF,eng Chelsea,21,2003,7,5,504,5.6,0,1,1,0,0,0,2,0,0,0.18,0.18,0,0.18,Matches
266,Víctor Guzmán,mx MEX,MF,mx Pachuca,29,1995,1,0,19,0.2,0,0,0,0,0,0,0,0,0,0,0,0,0,Matches
267,Víctor Guzmán,mx MEX,DF,mx Monterrey,22,2002,3,1,107,1.2,0,0,0,0,0,0,0,0,0,0,0,0,0,Matches
268,Joško Gvardiol,hr CRO,DF,eng Manchester City,23,2002,2,2,125,1.4,0,0,0,0,0,0,1,0,0,0,0,0,0,Matches
269,Erling Haaland,no NOR,FW,eng Manchester City,24,2000,4,2,256,2.8,3,1,4,2,1,1,0,0,1.05,0.35,1.41,0.7,1.05,Matches
270,Achraf Hakimi,ma MAR,DF,fr Paris Saint-Germain,26,1998,7,7,591,6.6,2,2,4,2,0,0,0,0,0.3,0.3,0.61,0.3,0.61,Matches
271,Abderrazak Hamdallah,ma MAR,FW,sa Al-Hilal,34,1990,1,0,16,0.2,0,0,0,0,0,0,0,0,0,0,0,0,0,Matches
272,Mohamed Amine Ben Hamida,tn TUN,DF,tn Espérance Tunis,29,1995,3,3,270,3,0,0,0,0,0,0,0,0,0,0,0,0,0,Matches
273,Mohamed Hany,eg EGY,DF,eg Al Ahly,29,1996,3,3,270,3,0,1,1,0,0,0,1,0,0,0.33,0.33,0,0.33,Matches
274,Genki Haraguchi,jp JPN,"FW,MF",jp Urawa Reds,33,1991,2,0,8,0.1,0,0,0,0,0,0,0,0,0,0,0,0,0,Matches
275,Moteb Al-Harbi,sa KSA,DF,sa Al-Hilal,24,2000,5,2,199,2.2,0,0,0,0,0,0,1,0,0,0,0,0,0,Matches
Rk,Player,Nation,Pos,Squad,Age,Born,MP,Starts,Min,90s,Gls,Ast,G+A,G-PK,PK,PKatt,CrdY,CrdR,Gls,Ast,G+A,G-PK,G+A-PK,Matches
276,Jamal Harkass,ma MAR,DF,ma Wydad AC,29,1995,2,1,67,0.7,0,0,0,0,0,0,0,0,0,0,0,0,0,Matches
277,Bruno Henrique,br BRA,"FW,MF",br Flamengo,34,1990,4,0,114,1.3,1,1,2,1,0,0,1,0,0.79,0.79,1.58,0.79,1.58,Matches
278,Luis Henrique,br BRA,MF,it Inter,23,2001,3,1,155,1.7,0,0,0,0,0,0,0,0,0,0,0,0,0,Matches
279,Hércules,br BRA,MF,br Fluminense,24,2000,6,4,392,4.4,2,0,2,2,0,0,0,0,0.46,0,0.46,0.46,0.46,Matches
280,Illian Hernandez,mx MEX,FW,mx Pachuca,24,2000,1,0,14,0.2,0,0,0,0,0,0,0,0,0,0,0,0,0,Matches
281,Lucas Hernández,fr FRA,DF,fr Paris Saint-Germain,28,1996,4,1,97,1.1,0,0,0,0,0,0,0,1,0,0,0,0,0,Matches
282,Ander Herrera,es ESP,MF,ar Boca Juniors,35,1989,1,1,19,0.2,0,0,0,0,0,0,0,1,0,0,0,0,0,Matches
283,Ryan Hollingshead,us USA,"DF,MF",us LAFC,33,1991,3,3,260,2.9,0,0,0,0,0,0,0,0,0,0,0,0,0,Matches
284,Santiago Homenchenko,uy URU,MF,mx Pachuca,21,2003,1,0,14,0.2,0,0,0,0,0,0,0,0,0,0,0,0,0,Matches
285,El Houssine Rahimi,ma MAR,FW,ae Al Ain FC,22,2002,1,0,1,0,0,0,0,0,0,0,0,0,0,0,0,0,0,Matches
286,Lee Huigyun,kr KOR,"FW,MF",kr Ulsan HD,26,1998,2,0,29,0.3,0,0,0,0,0,0,0,0,0,0,0,0,0,Matches
287,Dean Huijsen,es ESP,DF,es Real Madrid,19,2005,5,5,449,5,0,0,0,0,0,0,0,1,0,0,0,0,0,Matches
288,Avilés Hurtado,co COL,"FW,MF",mx Pachuca,37,1987,2,0,37,0.4,0,0,0,0,0,0,0,0,0,0,0,0,0,Matches
289,Jo Hyeon-woo,kr KOR,GK,kr Ulsan HD,33,1991,3,3,270,3,0,0,0,0,0,0,0,0,0,0,0,0,0,Matches
290,Marius Høibråten,no NOR,DF,jp Urawa Reds,30,1995,3,3,270,3,0,0,0,0,0,0,0,0,0,0,0,0,0,Matches
291,Yasser Ibrahim,eg EGY,DF,eg Al Ahly,31,1993,2,2,180,2,0,0,0,0,0,0,0,0,0,0,0,0,0,Matches
292,Ignácio,br BRA,DF,br Fluminense,28,1996,4,4,360,4,0,0,0,0,0,0,0,0,0,0,0,0,0,Matches
293,Igor,br BRA,MF,us LAFC,21,2003,3,3,260,2.9,0,0,0,0,0,0,1,0,0,0,0,0,0,Matches
294,Mario Ilich,nz NZL,MF,nz Auckland City,29,1995,3,3,239,2.7,0,0,0,0,0,0,0,0,0,0,0,0,0,Matches
295,Hirokazu Ishihara,jp JPN,DF,jp Urawa Reds,25,1999,2,2,180,2,0,0,0,0,0,0,0,0,0,0,0,0,0,Matches
296,Nicolas Jackson,sn SEN,FW,eng Chelsea,23,2001,3,1,98,1.1,0,1,1,0,0,0,0,1,0,0.92,0.92,0,0.92,Matches
297,Lee Jaeik,kr KOR,DF,kr Ulsan HD,25,1999,2,2,174,1.9,0,0,0,0,0,0,0,0,0,0,0,0,0,Matches
298,Reece James,eng ENG,"MF,DF",eng Chelsea,25,1999,5,4,286,3.2,1,0,1,1,0,0,1,0,0.31,0,0.31,0.31,0.31,Matches
299,Adis Jasic,at AUT,DF,ae Al Ain FC,21,2003,3,2,168,1.9,0,0,0,0,0,0,0,0,0,0,0,0,0,Matches
300,Chiheb Jebali,tn TUN,MF,tn Espérance Tunis,28,1996,2,1,53,0.6,0,0,0,0,0,0,0,0,0,0,0,0,0,Matches
Rk,Player,Nation,Pos,Squad,Age,Born,MP,Starts,Min,90s,Gls,Ast,G+A,G-PK,PK,PKatt,CrdY,CrdR,Gls,Ast,G+A,G-PK,G+A-PK,Matches
301,Achref Jebri,tn TUN,FW,tn Espérance Tunis,23,2001,3,1,100,1.1,0,0,0,0,0,0,0,0,0,0,0,0,0,Matches
302,Hamza Jelassi,tn TUN,DF,tn Espérance Tunis,33,1991,1,0,1,0,0,0,0,0,0,0,0,0,0,0,0,0,0,Matches
303,Igor Jesus,br BRA,FW,br Botafogo (RJ),23,2001,4,4,385,4.3,2,0,2,2,0,0,0,0,0.47,0,0.47,0.47,0.47,Matches
304,Lee Jin-hyun,kr KOR,MF,kr Ulsan HD,27,1997,3,2,198,2.2,1,1,2,1,0,0,0,0,0.45,0.45,0.91,0.45,0.91,Matches
305,João Pedro,br BRA,FW,eng Chelsea,23,2001,3,2,162,1.8,3,0,3,3,0,0,0,0,1.67,0,1.67,1.67,1.67,Matches
306,John,br BRA,GK,br Botafogo (RJ),28,1996,4,4,390,4.3,0,0,0,0,0,0,0,0,0,0,0,0,0,Matches
307,Jorginho,it ITA,MF,br Flamengo,33,1991,4,3,252,2.8,1,2,3,0,1,1,0,0,0.36,0.71,1.07,0,0.71,Matches
308,Juninho,br BRA,"FW,MF",br Flamengo,28,1996,1,0,9,0.1,0,0,0,0,0,0,0,0,0,0,0,0,0,Matches
309,Vinicius Júnior,br BRA,"FW,MF",es Real Madrid,24,2000,6,6,451,5,1,1,2,1,0,0,1,0,0.2,0.2,0.4,0.2,0.4,Matches
310,Sebastián Jurado,mx MEX,GK,mx Pachuca,27,1997,1,1,90,1,0,0,0,0,0,0,0,0,0,0,0,0,0,Matches
311,Musab Al Juwayr,sa KSA,MF,sa Al-Hilal,21,2003,5,0,34,0.4,0,0,0,0,0,0,0,0,0,0,0,0,0,Matches
312,Filip Jørgensen,dk DEN,GK,eng Chelsea,22,2002,1,1,90,1,0,0,0,0,0,0,0,0,0,0,0,0,0,Matches
313,Kaku,py PAR,MF,ae Al Ain FC,30,1995,3,2,169,1.9,1,0,1,1,0,0,0,0,0.53,0,0.53,0.53,0.53,Matches
314,Pierre Kalulu,fr FRA,DF,it Juventus,24,2000,4,4,360,4,0,1,1,0,0,0,1,0,0,0.25,0.25,0,0.25,Matches
315,Omar Kamal,eg EGY,MF,eg Al Ahly,31,1993,1,0,32,0.4,0,0,0,0,0,0,0,0,0,0,0,0,0,Matches
316,Harry Kane,eng ENG,FW,de Bayern Munich,31,1993,5,4,374,4.2,3,1,4,3,0,0,1,0,0.72,0.24,0.96,0.72,0.96,Matches
317,Takuro Kaneko,jp JPN,MF,jp Urawa Reds,27,1997,3,3,179,2,0,1,1,0,0,0,0,0,0,0.5,0.5,0,0.5,Matches
318,Lee Kang-in,kr KOR,"FW,MF",fr Paris Saint-Germain,23,2001,4,0,64,0.7,1,0,1,0,1,1,0,0,1.41,0,1.41,0,0,Matches
319,Mohamed Kanno,sa KSA,MF,sa Al-Hilal,30,1994,5,2,209,2.3,0,0,0,0,0,0,0,0,0,0,0,0,0,Matches
320,Abdoul Karim Traoré,ml MLI,"MF,DF",ae Al Ain FC,20,2005,3,3,270,3,0,0,0,0,0,0,2,0,0,0,0,0,0,Matches
321,Lennart Karl,de GER,MF,de Bayern Munich,16,2008,1,0,45,0.5,0,0,0,0,0,0,0,0,0,0,0,0,0,Matches
322,Kim Kee-hee,kr KOR,DF,us Seattle Sounders,35,1989,1,1,45,0.5,0,0,0,0,0,0,0,0,0,0,0,0,0,Matches
323,Grant Kekana,za RSA,DF,za Mamelodi Sundowns,32,1992,3,3,270,3,0,0,0,0,0,0,0,0,0,0,0,0,0,Matches
324,Lloyd Kelly,eng ENG,DF,it Juventus,26,1998,4,4,328,3.6,0,0,0,0,0,0,0,0,0,0,0,0,0,Matches
325,Kenedy,br BRA,MF,mx Pachuca,28,1996,3,3,197,2.2,0,0,0,0,0,0,0,0,0,0,0,0,0,Matches
Rk,Player,Nation,Pos,Squad,Age,Born,MP,Starts,Min,90s,Gls,Ast,G+A,G-PK,PK,PKatt,CrdY,CrdR,Gls,Ast,G+A,G-PK,G+A-PK,Matches
326,John Kennedy,br BRA,FW,mx Pachuca,22,2002,2,0,81,0.9,0,0,0,0,0,0,0,0,0,0,0,0,0,Matches
327,Keno,br BRA,"FW,MF",br Fluminense,35,1989,3,0,92,1,1,0,1,1,0,0,1,0,0.98,0,0.98,0.98,0.98,Matches
328,Ryan Kent,eng ENG,MF,us Seattle Sounders,28,1996,3,2,157,1.7,0,0,0,0,0,0,0,0,0,0,0,0,0,Matches
329,Abdukodir Khusanov,uz UZB,DF,eng Manchester City,20,2004,1,1,60,0.7,0,0,0,0,0,0,1,0,0,0,0,0,0,Matches
330,Angus Kilkolly,nz NZL,FW,nz Auckland City,28,1996,1,0,20,0.2,0,0,0,0,0,0,0,0,0,0,0,0,0,Matches
331,Joshua Kimmich,de GER,MF,de Bayern Munich,29,1995,5,4,405,4.5,0,1,1,0,0,0,1,0,0,0.22,0.22,0,0.22,Matches
332,Sota Kitano,jp JPN,MF,at RB Salzburg,20,2004,1,0,26,0.3,0,0,0,0,0,0,1,0,0,0,0,0,0,Matches
333,Maurits Kjærgaard,dk DEN,MF,at RB Salzburg,21,2003,2,0,59,0.7,0,0,0,0,0,0,0,0,0,0,0,0,0,Matches
334,Gregor Kobel,ch SUI,GK,de Dortmund,27,1997,5,5,450,5,0,0,0,0,0,0,0,0,0,0,0,0,0,Matches
335,Orkun Kökçü,tr TUR,MF,pt Benfica,24,2000,4,2,210,2.3,0,2,2,0,0,0,2,0,0,0.86,0.86,0,0.86,Matches
336,Koke,es ESP,MF,es Atlético Madrid,33,1992,3,1,140,1.6,0,0,0,0,0,0,1,0,0,0,0,0,0,Matches
337,Randal Kolo Muani,fr FRA,FW,it Juventus,26,1998,3,3,232,2.6,2,1,3,2,0,0,0,0,0.78,0.39,1.16,0.78,1.16,Matches
338,Abdramane Konaté,ci CIV,MF,tn Espérance Tunis,18,2006,3,2,202,2.2,0,0,0,0,0,0,0,0,0,0,0,0,0,Matches
339,Teun Koopmeiners,nl NED,MF,it Juventus,26,1998,4,1,151,1.7,1,0,1,1,0,0,0,0,0.6,0,0.6,0.6,0.6,Matches
340,Filip Kostić,rs SRB,MF,it Juventus,32,1992,2,1,121,1.3,0,0,0,0,0,0,0,0,0,0,0,0,0,Matches
341,Kouame Kouadio,ae UAE,DF,ae Al Ain FC,24,2000,1,1,67,0.7,0,0,0,0,0,0,0,0,0,0,0,0,0,Matches
342,Kalidou Koulibaly,sn SEN,DF,sa Al-Hilal,33,1991,5,5,480,5.3,1,1,2,1,0,0,2,0,0.19,0.19,0.37,0.19,0.37,Matches
343,Matías Kranevitter,ar ARG,MF,ar River Plate,31,1993,2,1,68,0.8,0,0,0,0,0,0,0,0,0,0,0,0,0,Matches
344,Frans Krätzig,de GER,DF,at RB Salzburg,22,2003,3,3,267,3,0,0,0,0,0,0,0,0,0,0,0,0,0,Matches
345,Khvicha Kvaratskhelia,ge GEO,FW,fr Paris Saint-Germain,23,2001,7,7,512,5.7,1,2,3,1,0,0,0,0,0.18,0.35,0.53,0.18,0.53,Matches
346,Roberto de la Rosa,mx MEX,FW,mx Monterrey,25,2000,3,0,61,0.7,0,0,0,0,0,0,0,0,0,0,0,0,0,Matches
347,Matías Lacava,ve VEN,FW,kr Ulsan HD,22,2002,3,1,88,1,0,0,0,0,0,0,0,0,0,0,0,0,0,Matches
348,Jerson Lagos,co COL,DF,nz Auckland City,23,2002,3,2,197,2.2,0,1,1,0,0,0,0,0,0,0.46,0.46,0,0.46,Matches
349,Konrad Laimer,at AUT,DF,de Bayern Munich,27,1997,4,3,298,3.3,0,0,0,0,0,0,2,0,0,0,0,0,0,Matches
350,Stefan Lainer,at AUT,DF,at RB Salzburg,32,1992,3,3,270,3,0,0,0,0,0,0,0,0,0,0,0,0,0,Matches
Rk,Player,Nation,Pos,Squad,Age,Born,MP,Starts,Min,90s,Gls,Ast,G+A,G-PK,PK,PKatt,CrdY,CrdR,Gls,Ast,G+A,G-PK,G+A-PK,Matches
351,Ali Lajami,sa KSA,DF,sa Al-Hilal,28,1996,3,0,55,0.6,0,0,0,0,0,0,0,0,0,0,0,0,0,Matches
352,Manuel Lanzini,ar ARG,"FW,MF",ar River Plate,31,1993,1,0,30,0.3,0,0,0,0,0,0,1,0,0,0,0,0,0,Matches
353,Roméo Lavia,be BEL,MF,eng Chelsea,21,2004,4,3,215,2.4,0,0,0,0,0,0,0,0,0,0,0,0,0,Matches
354,Robin Le Normand,es ESP,DF,es Atlético Madrid,28,1996,3,3,270,3,0,1,1,0,0,0,1,0,0,0.33,0.33,0,0.33,Matches
355,Mosa Lebusa,za RSA,DF,za Mamelodi Sundowns,32,1992,1,0,31,0.3,0,0,0,0,0,0,0,0,0,0,0,0,0,Matches
356,Joe Lee,nz NZL,FW,nz Auckland City,22,2002,1,0,8,0.1,0,0,0,0,0,0,0,0,0,0,0,0,0,Matches
357,Clément Lenglet,fr FRA,DF,es Atlético Madrid,29,1995,2,2,167,1.9,0,0,0,0,0,0,2,1,0,0,0,0,0,Matches
358,Marcos Leonardo,br BRA,FW,sa Al-Hilal,21,2003,5,5,467,5.2,4,0,4,4,0,0,1,0,0.77,0,0.77,0.77,0.77,Matches
359,Kutlwano Letlhaku,za RSA,FW,za Mamelodi Sundowns,18,2006,2,0,11,0.1,0,1,1,0,0,0,1,0,0,8.18,8.18,0,8.18,Matches
360,Rico Lewis,eng ENG,DF,eng Manchester City,20,2004,1,1,87,1,0,0,0,0,0,0,0,1,0,0,0,0,0,Matches
361,Danny Leyva,us USA,MF,us Seattle Sounders,21,2003,1,0,19,0.2,0,0,0,0,0,0,0,0,0,0,0,0,0,Matches
362,Lima,br BRA,"FW,MF",br Fluminense,28,1996,5,0,105,1.2,0,0,0,0,0,0,0,0,0,0,0,0,0,Matches
363,Samuel Lino,br BRA,MF,es Atlético Madrid,25,1999,2,1,52,0.6,0,0,0,0,0,0,0,0,0,0,0,0,0,Matches
364,Marcos Llorente,es ESP,DF,es Atlético Madrid,30,1995,3,3,270,3,0,0,0,0,0,0,0,0,0,0,0,0,0,Matches
365,Hugo Lloris,fr FRA,GK,us LAFC,38,1986,3,3,270,3,0,0,0,0,0,0,0,0,0,0,0,0,0,Matches
366,Danny Loader,cm CMR,FW,pt Porto,24,2000,1,1,45,0.5,0,0,0,0,0,0,0,0,0,0,0,0,0,Matches
367,Nathan Lobo,nz NZL,DF,nz Auckland City,22,2002,1,1,65,0.7,0,0,0,0,0,0,0,0,0,0,0,0,0,Matches
368,Manuel Locatelli,it ITA,MF,it Juventus,27,1998,3,2,159,1.8,0,0,0,0,0,0,0,0,0,0,0,0,0,Matches
369,Renan Lodi,br BRA,DF,sa Al-Hilal,26,1998,5,5,450,5,0,0,0,0,0,0,2,0,0,0,0,0,0,Matches
370,Aaron Long,us USA,DF,us LAFC,32,1992,3,3,270,3,0,0,0,0,0,0,0,0,0,0,0,0,0,Matches
371,Thembinkosi Lorch,za RSA,"MF,FW",ma Wydad AC,31,1993,3,3,263,2.9,1,0,1,1,0,0,0,0,0.34,0,0.34,0.34,0.34,Matches
372,Ayrton Lucas,br BRA,DF,br Flamengo,27,1997,3,2,189,2.1,0,0,0,0,0,0,0,0,0,0,0,0,0,Matches
373,Gustav Ludwigson,se SWE,DF,kr Ulsan HD,31,1993,3,3,270,3,0,0,0,0,0,0,0,0,0,0,0,0,0,Matches
374,Luighi,br BRA,FW,br Palmeiras,18,2006,1,0,57,0.6,0,0,0,0,0,0,0,0,0,0,0,0,0,Matches
375,Florentino Luís,pt POR,MF,pt Benfica,25,1999,2,2,158,1.8,0,0,0,0,0,0,1,0,0,0,0,0,0,Matches
Rk,Player,Nation,Pos,Squad,Age,Born,MP,Starts,Min,90s,Gls,Ast,G+A,G-PK,PK,PKatt,CrdY,CrdR,Gls,Ast,G+A,G-PK,G+A-PK,Matches
376,Douglas Luiz,br BRA,MF,it Juventus,26,1998,1,0,45,0.5,0,0,0,0,0,0,0,0,0,0,0,0,0,Matches
377,Divine Lunga,zw ZIM,DF,za Mamelodi Sundowns,29,1995,3,3,270,3,0,0,0,0,0,0,0,0,0,0,0,0,0,Matches
378,Noni Madueke,eng ENG,MF,eng Chelsea,22,2002,5,2,199,2.2,0,0,0,0,0,0,0,0,0,0,0,0,0,Matches
379,Cassius Mailula,za RSA,FW,ma Wydad AC,23,2001,3,2,119,1.3,1,0,1,1,0,0,1,0,0.76,0,0.76,0.76,0.76,Matches
380,Malcom,br BRA,"MF,FW",sa Al-Hilal,27,1997,5,5,367,4.1,1,0,1,1,0,0,0,0,0.25,0,0.25,0.25,0.25,Matches
381,Mickael Malsa,mq MTQ,MF,ma Wydad AC,29,1995,1,0,29,0.3,0,0,0,0,0,0,0,0,0,0,0,0,0,Matches
382,Reinildo Mandava,mz MOZ,DF,es Atlético Madrid,31,1994,1,0,29,0.3,0,0,0,0,0,0,1,0,0,0,0,0,0,Matches
383,Dylan Manickum,nz NZL,MF,nz Auckland City,32,1992,3,2,167,1.9,0,0,0,0,0,0,0,0,0,0,0,0,0,Matches
384,Jackson Manuel,nz NZL,MF,nz Auckland City,21,2003,1,0,31,0.3,0,0,0,0,0,0,0,0,0,0,0,0,0,Matches
385,José Manuel López,ar ARG,FW,br Palmeiras,24,2000,4,1,164,1.8,1,0,1,1,0,0,0,0,0.55,0,0.55,0.55,0.55,Matches
386,Iván Marcano,es ESP,DF,pt Porto,37,1987,3,3,266,3,0,0,0,0,0,0,0,0,0,0,0,0,0,Matches
387,Agustín Marchesín,ar ARG,GK,ar Boca Juniors,36,1988,3,3,270,3,0,0,0,0,0,0,0,0,0,0,0,0,0,Matches
388,José María Giménez,uy URU,DF,es Atlético Madrid,30,1995,1,1,45,0.5,0,0,0,0,0,0,0,0,0,0,0,0,0,Matches
389,João Mário Lopes,pt POR,"MF,DF",pt Porto,25,2000,3,3,228,2.5,0,0,0,0,0,0,0,0,0,0,0,0,0,Matches
390,Marlon,br BRA,DF,us LAFC,29,1995,3,1,59,0.7,0,0,0,0,0,0,0,0,0,0,0,0,0,Matches
391,Omar Marmoush,eg EGY,FW,eng Manchester City,25,1999,3,2,143,1.6,0,0,0,0,0,0,0,0,0,0,0,0,0,Matches
392,Marquinhos,br BRA,DF,fr Paris Saint-Germain,30,1994,6,6,495,5.5,0,0,0,0,0,0,1,0,0,0,0,0,0,Matches
393,Martinelli,br BRA,MF,br Fluminense,23,2001,5,5,313,3.5,1,0,1,1,0,0,2,0,0.29,0,0.29,0.29,0.29,Matches
394,David Martínez,ve VEN,FW,us LAFC,18,2006,3,2,167,1.9,0,0,0,0,0,0,1,0,0,0,0,0,0,Matches
395,Emiliano Martínez,uy URU,MF,br Palmeiras,25,1999,3,2,189,2.1,0,0,0,0,0,0,0,0,0,0,0,0,0,Matches
396,Lautaro Martínez,ar ARG,FW,it Inter,27,1997,4,4,342,3.8,2,0,2,2,0,0,1,0,0.53,0,0.53,0.53,0.53,Matches
397,Lucas Martínez Quarta,ar ARG,DF,ar River Plate,28,1996,3,3,245,2.7,0,0,0,0,0,0,0,1,0,0,0,0,0,Matches
398,Franco Mastantuono,ar ARG,FW,ar River Plate,17,2007,3,3,263,2.9,0,0,0,0,0,0,0,0,0,0,0,0,0,Matches
399,Gonzalo Mastriani,uy URU,FW,br Botafogo (RJ),31,1993,1,1,45,0.5,0,0,0,0,0,0,0,0,0,0,0,0,0,Matches
400,Taishi Matsumoto,jp JPN,MF,jp Urawa Reds,26,1998,3,0,67,0.7,0,0,0,0,0,0,0,0,0,0,0,0,0,Matches
Rk,Player,Nation,Pos,Squad,Age,Born,MP,Starts,Min,90s,Gls,Ast,G+A,G-PK,PK,PKatt,CrdY,CrdR,Gls,Ast,G+A,G-PK,G+A-PK,Matches
401,Yusuke Matsuo,jp JPN,FW,jp Urawa Reds,27,1997,3,3,258,2.9,1,0,1,0,1,1,0,0,0.35,0,0.35,0,0,Matches
402,Tashreeq Matthews,za RSA,MF,za Mamelodi Sundowns,24,2000,3,2,153,1.7,0,1,1,0,0,0,1,0,0,0.59,0.59,0,0.59,Matches
403,Mauricio,br BRA,MF,br Palmeiras,23,2001,5,2,262,2.9,1,1,2,1,0,0,0,0,0.34,0.34,0.69,0.34,0.69,Matches
404,Mayke,br BRA,"DF,MF",br Palmeiras,32,1992,1,0,50,0.6,0,0,0,0,0,0,0,0,0,0,0,0,0,Matches
405,Senny Mayulu,fr FRA,"MF,FW",fr Paris Saint-Germain,18,2006,5,2,199,2.2,1,0,1,1,0,0,0,0,0.45,0,0.45,0.45,0.45,Matches
406,Kylian Mbappé,fr FRA,FW,es Real Madrid,26,1998,3,1,137,1.5,1,0,1,1,0,0,1,0,0.66,0,0.66,0.66,0.66,Matches
407,Ibrahim Mbaye,sn SEN,FW,fr Paris Saint-Germain,17,2008,2,0,19,0.2,0,0,0,0,0,0,0,0,0,0,0,0,0,Matches
408,Weston McKennie,us USA,MF,it Juventus,26,1998,4,3,222,2.5,0,0,0,0,0,0,1,0,0,0,0,0,0,Matches
409,Stefan Medina,co COL,DF,mx Monterrey,32,1992,4,4,355,3.9,0,0,0,0,0,0,1,0,0,0,0,0,0,Matches
410,El Mehdi Benabid,ma MAR,GK,ma Wydad AC,27,1998,3,3,270,3,0,0,0,0,0,0,0,0,0,0,0,0,0,Matches
411,Bart Meijers,nl NED,DF,ma Wydad AC,28,1997,3,2,155,1.7,0,0,0,0,0,0,1,0,0,0,0,0,0,Matches
412,John Mellberg,se SWE,DF,at RB Salzburg,18,2006,2,0,48,0.5,0,0,0,0,0,0,0,0,0,0,0,0,0,Matches
413,Nuno Mendes,pt POR,DF,fr Paris Saint-Germain,22,2002,7,6,531,5.9,0,0,0,0,0,0,1,0,0,0,0,0,0,Matches
414,Miguel Merentiel,uy URU,"FW,MF",ar Boca Juniors,28,1996,3,3,233,2.6,2,0,2,2,0,0,0,0,0.77,0,0.77,0.77,0.77,Matches
415,Yassine Meriah,tn TUN,DF,tn Espérance Tunis,31,1993,3,3,270,3,0,0,0,0,0,0,0,0,0,0,0,0,0,Matches
416,Lionel Messi,ar ARG,FW,us Inter Miami,37,1987,4,4,360,4,1,0,1,1,0,0,1,0,0.25,0,0.25,0.25,0.25,Matches
417,Maximiliano Meza,ar ARG,"MF,FW",ar River Plate,32,1992,3,2,169,1.9,1,0,1,1,0,0,1,0,0.53,0,0.53,0.53,0.53,Matches
418,Micael,br BRA,DF,br Palmeiras,24,2000,2,1,108,1.2,0,0,0,0,0,0,0,0,0,0,0,0,0,Matches
419,Michael,br BRA,"FW,MF",br Flamengo,28,1996,3,0,51,0.6,0,0,0,0,0,0,0,0,0,0,0,0,0,Matches
420,Sergej Milinković-Savić,rs SRB,MF,sa Al-Hilal,29,1995,5,5,480,5.3,0,0,0,0,0,0,1,0,0,0,0,0,0,Matches
421,Éder Militão,br BRA,"DF,MF",es Real Madrid,27,1998,1,0,27,0.3,0,0,0,0,0,0,0,0,0,0,0,0,0,Matches
422,Kim Min-hyeok,kr KOR,MF,kr Ulsan HD,32,1992,1,1,45,0.5,0,0,0,0,0,0,1,0,0,0,0,0,0,Matches
423,Georgi Minoungou,bf BFA,FW,us Seattle Sounders,22,2002,2,0,31,0.3,0,0,0,0,0,0,0,0,0,0,0,0,0,Matches
424,Park Minseo,kr KOR,MF,kr Ulsan HD,24,2000,1,0,45,0.5,0,0,0,0,0,0,0,0,0,0,0,0,0,Matches
425,Adam Mitchell,nz NZL,DF,nz Auckland City,28,1996,3,3,270,3,0,0,0,0,0,0,0,0,0,0,0,0,0,Matches
Rk,Player,Nation,Pos,Squad,Age,Born,MP,Starts,Min,90s,Gls,Ast,G+A,G-PK,PK,PKatt,CrdY,CrdR,Gls,Ast,G+A,G-PK,G+A-PK,Matches
426,Henrikh Mkhitaryan,am ARM,MF,it Inter,36,1989,4,3,264,2.9,0,0,0,0,0,0,0,0,0,0,0,0,0,Matches
427,Luka Modrić,hr CRO,MF,es Real Madrid,39,1985,6,0,126,1.4,0,0,0,0,0,0,0,0,0,0,0,0,0,Matches
428,Taher Mohamed,eg EGY,FW,eg Al Ahly,27,1997,1,0,26,0.3,0,0,0,0,0,0,0,0,0,0,0,0,0,Matches
429,Teboho Mokoena,za RSA,MF,za Mamelodi Sundowns,28,1997,3,3,203,2.3,0,0,0,0,0,0,2,0,0,0,0,0,0,Matches
430,Elias Mokwana,za RSA,MF,tn Espérance Tunis,25,1999,3,2,151,1.7,0,0,0,0,0,0,0,0,0,0,0,0,0,Matches
431,Nahuel Molina,ar ARG,"DF,MF",es Atlético Madrid,26,1998,2,0,16,0.2,0,0,0,0,0,0,0,0,0,0,0,0,0,Matches
432,Elias Montiel,mx MEX,MF,mx Pachuca,19,2005,3,3,267,3,1,0,1,1,0,0,0,0,0.34,0,0.34,0.34,0.34,Matches
433,Gonzalo Montiel,ar ARG,DF,ar River Plate,28,1997,3,3,269,3,0,0,0,0,0,0,2,1,0,0,0,0,0,Matches
434,Álvaro Montoro,ar ARG,MF,br Botafogo (RJ),17,2007,3,0,95,1.1,0,0,0,0,0,0,1,0,0,0,0,0,0,Matches
435,Rodrigo Mora,pt POR,"FW,MF",pt Porto,17,2007,3,3,256,2.8,1,0,1,1,0,0,0,0,0.35,0,0.35,0.35,0.35,Matches
436,Thapelo Morena,za RSA,"DF,MF",za Mamelodi Sundowns,31,1993,1,0,22,0.2,0,0,0,0,0,0,0,0,0,0,0,0,0,Matches
437,Aníbal Moreno,ar ARG,MF,br Palmeiras,25,1999,4,2,201,2.2,0,0,0,0,0,0,1,0,0,0,0,0,0,Matches
438,Carlos Moreno,mx MEX,GK,mx Pachuca,27,1998,2,2,180,2,0,0,0,0,0,0,0,0,0,0,0,0,0,Matches
439,Jordan Morris,us USA,"FW,MF",us Seattle Sounders,30,1994,1,0,4,0,0,0,0,0,0,0,0,0,0,0,0,0,0,Matches
440,Lebo Mothiba,za RSA,FW,za Mamelodi Sundowns,29,1996,2,0,28,0.3,1,0,1,1,0,0,0,0,3.21,0,3.21,3.21,3.21,Matches
441,El Mehdi El Moubarik,ma MAR,MF,ma Wydad AC,24,2001,3,3,258,2.9,0,0,0,0,0,0,0,0,0,0,0,0,0,Matches
442,Fahd Moufi,ma MAR,"MF,DF",ma Wydad AC,28,1996,2,2,176,2,0,0,0,0,0,0,0,0,0,0,0,0,0,Matches
443,Mohamed Moufid,ma MAR,"DF,MF",ma Wydad AC,25,2000,3,3,270,3,0,1,1,0,0,0,0,0,0,0.33,0.33,0,0.33,Matches
444,Moura,pt POR,"MF,DF",pt Porto,25,1999,3,3,266,3,0,0,0,0,0,0,0,0,0,0,0,0,0,Matches
445,Ismail Moutarajji,ma MAR,MF,ma Wydad AC,24,2000,2,0,28,0.3,0,0,0,0,0,0,0,0,0,0,0,0,0,Matches
446,Khuliso Mudau,za RSA,DF,za Mamelodi Sundowns,29,1995,3,3,270,3,0,0,0,0,0,0,0,0,0,0,0,0,0,Matches
447,Thomas Müller,de GER,"MF,FW",de Bayern Munich,35,1989,5,2,201,2.2,2,1,3,2,0,0,0,0,0.9,0.45,1.34,0.9,1.34,Matches
448,Víctor Muñoz,es ESP,FW,es Real Madrid,21,2003,2,0,15,0.2,0,0,0,0,0,0,0,0,0,0,0,0,0,Matches
449,Regont Murati,nz NZL,DF,nz Auckland City,28,1996,2,2,143,1.6,0,0,0,0,0,0,0,0,0,0,0,0,0,Matches
450,Jamal Musiala,de GER,MF,de Bayern Munich,21,2003,4,1,119,1.3,3,0,3,2,1,1,1,0,2.27,0,2.27,1.51,1.51,Matches
Rk,Player,Nation,Pos,Squad,Age,Born,MP,Starts,Min,90s,Gls,Ast,G+A,G-PK,PK,PKatt,CrdY,CrdR,Gls,Ast,G+A,G-PK,G+A-PK,Matches
451,Daniel Musovski,us USA,FW,us Seattle Sounders,29,1995,3,2,176,2,0,0,0,0,0,0,0,0,0,0,0,0,0,Matches
452,Mothobi Mvala,za RSA,"DF,FW",za Mamelodi Sundowns,30,1994,1,0,6,0.1,0,0,0,0,0,0,0,0,0,0,0,0,0,Matches
453,Seleman Mwalimu,tz TAN,FW,ma Wydad AC,19,2006,2,0,74,0.8,0,0,0,0,0,0,1,0,0,0,0,0,0,Matches
454,Seo Myungguan,kr KOR,DF,kr Ulsan HD,22,2002,1,1,79,0.9,0,0,0,0,0,0,0,0,0,0,0,0,0,Matches
455,Ahmed Nabil Koka,eg EGY,DF,eg Al Ahly,23,2001,2,2,180,2,0,0,0,0,0,0,0,0,0,0,0,0,0,Matches
456,Yahia Nader,ae UAE,MF,ae Al Ain FC,26,1998,3,1,72,0.8,0,0,0,0,0,0,0,0,0,0,0,0,0,Matches
457,Yoichi Naganuma,jp JPN,DF,jp Urawa Reds,27,1997,3,3,256,2.8,0,0,0,0,0,0,0,0,0,0,0,0,0,Matches
458,Pedro Neto,pt POR,MF,eng Chelsea,24,2000,6,6,530,5.9,3,0,3,3,0,0,2,0,0.51,0,0.51,0.51,0.51,Matches
459,Manuel Neuer,de GER,GK,de Bayern Munich,38,1986,5,5,450,5,0,0,0,0,0,0,0,0,0,0,0,0,0,Matches
460,João Neves,pt POR,MF,fr Paris Saint-Germain,20,2004,7,6,513,5.7,2,1,3,2,0,0,2,1,0.35,0.18,0.53,0.35,0.53,Matches
461,Rúben Neves,pt POR,"MF,DF",sa Al-Hilal,27,1997,5,5,480,5.3,1,2,3,0,1,1,2,0,0.19,0.37,0.56,0,0.37,Matches
462,Newton,br BRA,MF,br Botafogo (RJ),24,2000,3,0,74,0.8,0,0,0,0,0,0,1,0,0,0,0,0,0,Matches
463,Amadou Niang,sn SEN,DF,ae Al Ain FC,19,2005,3,1,114,1.3,0,0,0,0,0,0,0,0,0,0,0,0,0,Matches
464,Gonzalo Nicolás Martínez,ar ARG,"FW,MF",ar River Plate,31,1993,2,0,23,0.3,0,0,0,0,0,0,0,0,0,0,0,0,0,Matches
465,Shusaku Nishikawa,jp JPN,GK,jp Urawa Reds,38,1986,3,3,270,3,0,0,0,0,0,0,1,0,0,0,0,0,0,Matches
466,Rio Nitta,jp JPN,FW,jp Urawa Reds,21,2003,1,0,10,0.1,0,0,0,0,0,0,0,0,0,0,0,0,0,Matches
467,Christopher Nkunku,fr FRA,MF,eng Chelsea,27,1997,6,3,288,3.2,1,0,1,1,0,0,0,0,0.31,0,0.31,0.31,0.31,Matches
468,Felix Nmecha,de GER,MF,de Dortmund,24,2000,5,3,266,3,2,0,2,2,0,0,1,0,0.68,0,0.68,0.68,0.68,Matches
469,Nonato,br BRA,"MF,FW",br Fluminense,26,1998,6,5,394,4.4,1,0,1,1,0,0,2,0,0.23,0,0.23,0.23,0.23,Matches
470,Matheus Nunes,pt POR,"DF,FW",eng Manchester City,26,1998,4,3,233,2.6,0,1,1,0,0,0,1,0,0,0.39,0.39,0,0.39,Matches
471,Samuel Obeng,gh GHA,FW,ma Wydad AC,27,1997,3,1,103,1.1,0,0,0,0,0,0,0,0,0,0,0,0,0,Matches
472,Jan Oblak,si SVN,GK,es Atlético Madrid,32,1993,3,3,270,3,0,0,0,0,0,0,0,0,0,0,0,0,0,Matches
473,Lucas Ocampos,ar ARG,"MF,FW",mx Monterrey,30,1994,3,2,159,1.8,0,0,0,0,0,0,0,0,0,0,0,0,0,Matches
474,Onuche Ogbelu,ng NGA,MF,tn Espérance Tunis,21,2003,3,3,270,3,0,0,0,0,0,0,1,0,0,0,0,0,0,Matches
475,Takuya Ogiwara,jp JPN,DF,jp Urawa Reds,25,1999,3,0,37,0.4,0,0,0,0,0,0,0,0,0,0,0,0,0,Matches
Rk,Player,Nation,Pos,Squad,Age,Born,MP,Starts,Min,90s,Gls,Ast,G+A,G-PK,PK,PKatt,CrdY,CrdR,Gls,Ast,G+A,G-PK,G+A-PK,Matches
476,Tomoaki Okubo,jp JPN,MF,jp Urawa Reds,26,1998,1,0,20,0.2,0,0,0,0,0,0,0,0,0,0,0,0,0,Matches
477,Michael Olise,fr FRA,MF,de Bayern Munich,23,2001,5,4,360,4,3,2,5,3,0,0,0,0,0.75,0.5,1.25,0.75,1.25,Matches
478,Guilherme Oliveira,br BRA,DF,ma Wydad AC,25,1999,3,3,270,3,0,0,0,0,0,0,1,0,0,0,0,0,0,Matches
479,Samu Omorodion,es ESP,FW,pt Porto,20,2004,3,2,225,2.5,2,0,2,1,1,1,0,0,0.8,0,0.8,0.4,0.4,Matches
480,Karim Onisiwo,at AUT,FW,at RB Salzburg,32,1992,3,1,102,1.1,1,0,1,1,0,0,0,0,0.88,0,0.88,0.88,0.88,Matches
481,Nathan Ordaz,sv SLV,FW,us LAFC,21,2004,1,1,37,0.4,0,0,0,0,0,0,0,0,0,0,0,0,0,Matches
482,Stefan Ortega,de GER,GK,eng Manchester City,32,1992,1,1,90,1,0,0,0,0,0,0,0,0,0,0,0,0,0,Matches
483,Leo Ortiz,br BRA,DF,br Flamengo,29,1996,3,3,270,3,0,0,0,0,0,0,0,0,0,0,0,0,0,Matches
484,Nicolás Otamendi,ar ARG,DF,pt Benfica,36,1988,4,4,390,4.3,1,1,2,1,0,0,1,0,0.23,0.23,0.46,0.23,0.46,Matches
485,Nico O’Reilly,eng ENG,DF,eng Manchester City,19,2005,2,1,106,1.2,0,0,0,0,0,0,0,0,0,0,0,0,0,Matches
486,Willian Pacho,ec ECU,DF,fr Paris Saint-Germain,23,2001,5,5,441,4.9,0,0,0,0,0,0,0,1,0,0,0,0,0,Matches
487,Carlos Palacios,cl CHI,MF,ar Boca Juniors,24,2000,3,3,223,2.5,0,0,0,0,0,0,1,0,0,0,0,0,0,Matches
488,Matías Palacios,ar ARG,MF,ae Al Ain FC,22,2002,3,2,201,2.2,0,1,1,0,0,0,1,0,0,0.45,0.45,0,0.45,Matches
489,Agustín Palavecino,ar ARG,MF,mx Pachuca,28,1996,3,3,223,2.5,0,0,0,0,0,0,1,0,0,0,0,0,0,Matches
490,Sergi Palencia,es ESP,"DF,MF",us LAFC,28,1996,3,3,270,3,0,0,0,0,0,0,1,0,0,0,0,0,0,Matches
491,João Palhinha,pt POR,MF,de Bayern Munich,29,1995,1,1,45,0.5,0,0,0,0,0,0,0,0,0,0,0,0,0,Matches
492,Cole Palmer,eng ENG,MF,eng Chelsea,22,2002,6,6,554,6.2,3,2,5,3,0,0,1,0,0.49,0.32,0.81,0.49,0.81,Matches
493,Kaio Pantaleão,br BRA,DF,br Botafogo (RJ),29,1995,1,0,37,0.4,0,0,0,0,0,0,0,0,0,0,0,0,0,Matches
494,Rui Patrício,pt POR,GK,ae Al Ain FC,36,1988,2,2,180,2,0,0,0,0,0,0,0,0,0,0,0,0,0,Matches
495,Paulinho,br BRA,"FW,MF",br Palmeiras,24,2000,5,0,140,1.6,2,0,2,2,0,0,0,0,1.29,0,1.29,1.29,1.29,Matches
496,João Paulo Mior,br BRA,MF,us Seattle Sounders,33,1991,1,0,12,0.1,0,0,0,0,0,0,0,0,0,0,0,0,0,Matches
497,Benjamin Pavard,fr FRA,DF,it Inter,28,1996,1,1,57,0.6,0,0,0,0,0,0,0,0,0,0,0,0,0,Matches
498,Vangelis Pavlidis,gr GRE,FW,pt Benfica,26,1998,4,4,335,3.7,1,1,2,1,0,0,2,0,0.27,0.27,0.54,0.27,0.54,Matches
499,Aleksandar Pavlovic,de GER,MF,de Bayern Munich,20,2004,5,3,325,3.6,0,0,0,0,0,0,0,0,0,0,0,0,0,Matches
500,Pedro Pedraza,mx MEX,MF,mx Pachuca,24,2000,2,1,68,0.8,0,0,0,0,0,0,0,0,0,0,0,0,0,Matches
Rk,Player,Nation,Pos,Squad,Age,Born,MP,Starts,Min,90s,Gls,Ast,G+A,G-PK,PK,PKatt,CrdY,CrdR,Gls,Ast,G+A,G-PK,G+A-PK,Matches
501,Pedro,br BRA,FW,br Flamengo,27,1997,3,2,146,1.6,0,0,0,0,0,0,0,0,0,0,0,0,0,Matches
502,Zé Pedro Figueiredo,pt POR,DF,pt Porto,27,1997,3,3,270,3,0,0,0,0,0,0,0,0,0,0,0,0,0,Matches
503,Marco Pellegrino,ar ARG,DF,ar Boca Juniors,22,2002,1,1,90,1,0,0,0,0,0,0,0,0,0,0,0,0,0,Matches
504,Pepê,br BRA,"FW,MF",pt Porto,27,1997,2,0,46,0.5,1,0,1,1,0,0,0,0,1.96,0,1.96,1.96,1.96,Matches
505,Federico Pereira,uy URU,DF,mx Pachuca,24,2000,3,3,270,3,0,0,0,0,0,0,1,0,0,0,0,0,0,Matches
506,Léo Pereira,br BRA,DF,br Flamengo,29,1996,3,3,270,3,0,0,0,0,0,0,0,0,0,0,0,0,0,Matches
507,Enzo Pérez,ar ARG,MF,ar River Plate,38,1986,2,2,128,1.4,0,0,0,0,0,0,2,0,0,0,0,0,0,Matches
508,Nehuén Pérez,ar ARG,DF,pt Porto,24,2000,1,0,13,0.1,0,0,0,0,0,0,1,0,0,0,0,0,0,Matches
509,Tomás Pérez,ar ARG,MF,pt Porto,19,2005,1,0,9,0.1,0,0,0,0,0,0,0,0,0,0,0,0,0,Matches
510,Germán Pezzella,ar ARG,DF,ar River Plate,33,1991,2,1,113,1.3,0,0,0,0,0,0,1,0,0,0,0,0,0,Matches
511,Fafà Picault,ht HAI,"FW,MF",us Inter Miami,33,1991,3,0,36,0.4,0,0,0,0,0,0,0,0,0,0,0,0,0,Matches
512,Joaquín Piquerez,uy URU,"DF,MF",br Palmeiras,26,1998,4,4,390,4.3,0,0,0,0,0,0,2,0,0,0,0,0,0,Matches
513,Gonzalo Plata,ec ECU,FW,br Flamengo,24,2000,3,2,205,2.3,0,2,2,0,0,0,2,0,0,0.88,0.88,0,0.88,Matches
514,Mateo Ponte,uy URU,DF,br Botafogo (RJ),21,2003,1,0,17,0.2,0,0,0,0,0,0,0,0,0,0,0,0,0,Matches
515,Gianluca Prestianni,ar ARG,MF,pt Benfica,19,2006,4,2,160,1.8,0,1,1,0,0,0,2,1,0,0.56,0.56,0,0.56,Matches
516,Erick Pulgar,cl CHI,MF,br Flamengo,31,1994,3,3,224,2.5,0,0,0,0,0,0,2,0,0,0,0,0,0,Matches
517,Mohammed Al Qahtani,sa KSA,FW,sa Al-Hilal,22,2002,1,0,27,0.3,0,0,0,0,0,0,1,0,0,0,0,0,0,Matches
518,Ramy Rabia,eg EGY,DF,ae Al Ain FC,31,1993,3,3,270,3,0,0,0,0,0,0,1,0,0,0,0,0,0,Matches
519,Jackson Ragen,us USA,DF,us Seattle Sounders,26,1998,3,3,270,3,0,0,0,0,0,0,1,0,0,0,0,0,0,Matches
520,Soufiane Rahimi,ma MAR,"FW,MF",ae Al Ain FC,28,1996,3,3,223,2.5,0,0,0,0,0,0,0,0,0,0,0,0,0,Matches
521,Jacobo Ramón,es ESP,DF,es Real Madrid,20,2005,1,0,24,0.3,0,0,0,0,0,0,0,0,0,0,0,0,0,Matches
522,Cláudio Ramos,pt POR,GK,pt Porto,33,1991,3,3,270,3,0,0,0,0,0,0,0,0,0,0,0,0,0,Matches
523,Gonçalo Ramos,pt POR,FW,fr Paris Saint-Germain,23,2001,5,2,182,2,1,0,1,1,0,0,0,0,0.49,0,0.49,0.49,0.49,Matches
524,Sergio Ramos,es ESP,DF,mx Monterrey,38,1986,4,4,360,4,1,0,1,1,0,0,0,0,0.25,0,0.25,0.25,0.25,Matches
525,Jacob Rasmussen,dk DEN,DF,at RB Salzburg,27,1997,3,3,270,3,0,0,0,0,0,0,0,0,0,0,0,0,0,Matches
Rk,Player,Nation,Pos,Squad,Age,Born,MP,Starts,Min,90s,Gls,Ast,G+A,G-PK,PK,PKatt,CrdY,CrdR,Gls,Ast,G+A,G-PK,G+A-PK,Matches
526,Petar Ratkov,rs SRB,FW,at RB Salzburg,21,2003,2,2,99,1.1,0,0,0,0,0,0,0,0,0,0,0,0,0,Matches
527,Marcel Ratnik,si SVN,DF,ae Al Ain FC,21,2003,1,1,90,1,0,0,0,0,0,0,0,0,0,0,0,0,0,Matches
528,Mohamed Rayhi,nl NED,"FW,MF",ma Wydad AC,30,1994,1,0,45,0.5,0,0,0,0,0,0,0,0,0,0,0,0,0,Matches
529,Iqraam Rayners,za RSA,FW,za Mamelodi Sundowns,29,1995,3,3,242,2.7,2,0,2,2,0,0,0,0,0.74,0,0.74,0.74,0.74,Matches
530,Federico Redondo,ar ARG,MF,us Inter Miami,22,2003,4,3,276,3.1,0,0,0,0,0,0,1,0,0,0,0,0,0,Matches
531,João Rêgo,pt POR,MF,pt Benfica,19,2005,2,0,24,0.3,0,0,0,0,0,0,0,0,0,0,0,0,0,Matches
532,Tijjani Reijnders,nl NED,MF,eng Manchester City,26,1998,3,3,270,3,0,0,0,0,0,0,0,0,0,0,0,0,0,Matches
533,Vitor Reis,br BRA,DF,eng Manchester City,19,2006,1,1,90,1,0,0,0,0,0,0,0,0,0,0,0,0,0,Matches
534,Renê,br BRA,"MF,DF",br Fluminense,32,1992,4,4,360,4,0,0,0,0,0,0,2,0,0,0,0,0,0,Matches
535,Gio Reyna,us USA,MF,de Dortmund,22,2002,1,0,13,0.1,0,0,0,0,0,0,0,0,0,0,0,0,0,Matches
536,Lucas Ribeiro,br BRA,MF,za Mamelodi Sundowns,26,1998,3,3,229,2.5,1,1,2,1,0,0,0,0,0.39,0.39,0.79,0.39,0.79,Matches
537,Luis Ricardo Reyes,mx MEX,DF,mx Monterrey,33,1991,1,1,64,0.7,0,0,0,0,0,0,0,0,0,0,0,0,0,Matches
538,Kalani Rienzi,us USA,DF,us Seattle Sounders,22,2002,2,1,112,1.2,0,0,0,0,0,0,0,0,0,0,0,0,0,Matches
539,Richard Ríos,co COL,MF,br Palmeiras,24,2000,5,5,470,5.2,0,2,2,0,0,0,2,0,0,0.38,0.38,0,0.38,Matches
540,Marcos Rocha,br BRA,DF,br Palmeiras,36,1988,1,1,66,0.7,0,0,0,0,0,0,0,0,0,0,0,0,0,Matches
541,Rodri,es ESP,MF,eng Manchester City,28,1996,4,1,173,1.9,0,1,1,0,0,0,0,0,0,0.52,0.52,0,0.52,Matches
542,Rodrigo Rodrigues,br BRA,FW,tn Espérance Tunis,28,1996,3,2,170,1.9,0,0,0,0,0,0,0,0,0,0,0,0,0,Matches
543,Baltasar Rodríguez,ar ARG,MF,us Inter Miami,21,2003,1,0,14,0.2,0,0,0,0,0,0,0,0,0,0,0,0,0,Matches
544,Santiago Rodríguez,uy URU,"FW,MF",br Botafogo (RJ),25,2000,3,0,45,0.5,0,0,0,0,0,0,0,0,0,0,0,0,0,Matches
545,Rodrygo,br BRA,MF,es Real Madrid,24,2001,3,1,93,1,0,1,1,0,0,0,0,0,0,0.97,0.97,0,0.97,Matches
546,Alfie Rogers,nz NZL,DF,nz Auckland City,29,1995,1,0,9,0.1,0,0,0,0,0,0,0,0,0,0,0,0,0,Matches
547,Johan Rojas,co COL,"FW,MF",mx Monterrey,22,2002,2,0,28,0.3,0,0,0,0,0,0,0,0,0,0,0,0,0,Matches
548,Alex Roldan,sv SLV,DF,us Seattle Sounders,28,1996,3,2,205,2.3,0,0,0,0,0,0,0,0,0,0,0,0,0,Matches
549,Cristian Roldan,us USA,MF,us Seattle Sounders,29,1995,3,3,270,3,1,0,1,1,0,0,0,0,0.33,0,0.33,0.33,0.33,Matches
550,Mohamed Ali Ben Romdhane,tn TUN,MF,eg Al Ahly,25,1999,3,3,240,2.7,1,0,1,1,0,0,0,0,0.37,0,0.37,0.37,0.37,Matches
Rk,Player,Nation,Pos,Squad,Age,Born,MP,Starts,Min,90s,Gls,Ast,G+A,G-PK,PK,PKatt,CrdY,CrdR,Gls,Ast,G+A,G-PK,G+A-PK,Matches
551,Salomón Rondón,ve VEN,FW,mx Pachuca,35,1989,3,3,270,3,0,0,0,0,0,0,0,0,0,0,0,0,0,Matches
552,Vitor Roque,br BRA,FW,br Palmeiras,19,2005,5,4,283,3.1,0,0,0,0,0,0,0,0,0,0,0,0,0,Matches
553,Agustín Rossi,ar ARG,GK,br Flamengo,29,1995,4,4,360,4,0,0,0,0,0,0,0,0,0,0,0,0,0,Matches
554,Paul Rothrock,us USA,MF,us Seattle Sounders,26,1999,3,2,175,1.9,0,1,1,0,0,0,1,0,0,0.51,0.51,0,0.51,Matches
555,Antonio Rüdiger,de GER,DF,es Real Madrid,31,1993,5,4,349,3.9,0,0,0,0,0,0,0,0,0,0,0,0,0,Matches
556,Daniele Rugani,it ITA,DF,it Juventus,30,1994,1,1,85,0.9,0,0,0,0,0,0,0,0,0,0,0,0,0,Matches
557,Fabián Ruiz Peña,es ESP,MF,fr Paris Saint-Germain,28,1996,7,6,458,5.1,3,1,4,3,0,0,1,0,0.59,0.2,0.79,0.59,0.79,Matches
558,Albert Rusnák,sk SVK,MF,us Seattle Sounders,30,1994,3,3,239,2.7,1,0,1,1,0,0,0,0,0.38,0,0.38,0.38,0.38,Matches
559,Julian Ryerson,no NOR,"MF,DF",de Dortmund,27,1997,5,4,364,4,0,0,0,0,0,0,0,0,0,0,0,0,0,Matches
560,Marcel Sabitzer,at AUT,MF,de Dortmund,30,1994,4,2,230,2.6,0,0,0,0,0,0,0,0,0,0,0,0,0,Matches
561,Arthur Sales,br BRA,MF,za Mamelodi Sundowns,22,2002,3,1,116,1.3,0,0,0,0,0,0,0,0,0,0,0,0,0,Matches
562,Mateo Sanabria,ar ARG,FW,ae Al Ain FC,20,2004,1,0,17,0.2,0,0,0,0,0,0,0,0,0,0,0,0,0,Matches
563,Renato Sanches,pt POR,MF,pt Benfica,27,1997,3,2,167,1.9,1,0,1,1,0,0,1,0,0.54,0,0.54,0.54,0.54,Matches
564,Carlos Sánchez,mx MEX,MF,mx Pachuca,22,2002,3,1,110,1.2,0,0,0,0,0,0,0,0,0,0,0,0,0,Matches
565,Robert Sánchez,es ESP,GK,eng Chelsea,27,1997,6,6,570,6.3,0,0,0,0,0,0,1,0,0,0,0,0,0,Matches
566,Alex Sandro,br BRA,DF,br Flamengo,34,1991,2,2,162,1.8,0,0,0,0,0,0,0,0,0,0,0,0,0,Matches
567,Leroy Sané,de GER,MF,de Bayern Munich,29,1996,3,1,147,1.6,0,0,0,0,0,0,0,0,0,0,0,0,0,Matches
568,Kang Sang-woo,kr KOR,DF,kr Ulsan HD,31,1993,3,2,163,1.8,0,0,0,0,0,0,1,0,0,0,0,0,0,Matches
569,Thiago Santana,br BRA,FW,jp Urawa Reds,31,1993,3,0,77,0.9,0,0,0,0,0,0,1,0,0,0,0,0,0,Matches
570,Andrey Santos,br BRA,MF,eng Chelsea,20,2004,4,1,147,1.6,0,1,1,0,0,0,0,0,0,0.61,0.61,0,0.61,Matches
571,Marcelo Saracchi,uy URU,"DF,MF",ar Boca Juniors,26,1998,1,0,11,0.1,0,0,0,0,0,0,0,0,0,0,0,0,0,Matches
572,Mamadou Sarr,sn SEN,DF,eng Chelsea,19,2005,1,0,9,0.1,0,0,0,0,0,0,0,0,0,0,0,0,0,Matches
573,Yan Sasse,br BRA,MF,tn Espérance Tunis,27,1997,3,2,156,1.7,0,0,0,0,0,0,1,0,0,0,0,0,0,Matches
574,Jefferson Savarino,ve VEN,"FW,MF",br Botafogo (RJ),28,1996,4,4,269,3,0,1,1,0,0,0,0,0,0,0.33,0.33,0,0.33,Matches
575,Sávio,br BRA,FW,eng Manchester City,20,2004,3,3,299,3.3,1,1,2,1,0,0,0,0,0.3,0.3,0.6,0.3,0.6,Matches
Rk,Player,Nation,Pos,Squad,Age,Born,MP,Starts,Min,90s,Gls,Ast,G+A,G-PK,PK,PKatt,CrdY,CrdR,Gls,Ast,G+A,G-PK,G+A-PK,Matches
576,Matheus Sávio,br BRA,MF,jp Urawa Reds,27,1997,3,3,218,2.4,0,0,0,0,0,0,0,0,0,0,0,0,0,Matches
577,Nicolò Savona,it ITA,DF,it Juventus,21,2003,3,3,219,2.4,0,0,0,0,0,0,0,0,0,0,0,0,0,Matches
578,Ahmed Sayed,eg EGY,"MF,FW",eg Al Ahly,29,1996,3,2,245,2.7,0,0,0,0,0,0,0,0,0,0,0,0,0,Matches
579,Andreas Schjelderup,no NOR,"MF,FW",pt Benfica,20,2004,3,2,128,1.4,1,0,1,1,0,0,0,0,0.7,0,0.7,0.7,0.7,Matches
580,Telasco Segovia,ve VEN,MF,us Inter Miami,21,2003,4,4,282,3.1,1,0,1,1,0,0,0,0,0.32,0,0.32,0.32,0.32,Matches
581,Eddie Segura,co COL,DF,us LAFC,27,1997,3,3,270,3,0,0,0,0,0,0,0,0,0,0,0,0,0,Matches
582,Takahiro Sekine,jp JPN,DF,jp Urawa Reds,29,1995,3,1,113,1.3,0,0,0,0,0,0,1,0,0,0,0,0,0,Matches
583,Choi Seokhyun,kr KOR,DF,kr Ulsan HD,22,2003,1,0,28,0.3,0,0,0,0,0,0,0,0,0,0,0,0,0,Matches
584,Kevin Serna,co COL,MF,br Fluminense,27,1997,2,1,79,0.9,0,0,0,0,0,0,0,0,0,0,0,0,0,Matches
585,Ko Seungbeom,kr KOR,MF,kr Ulsan HD,30,1994,3,2,219,2.4,0,0,0,0,0,0,0,0,0,0,0,0,0,Matches
586,Hussein El Shahat,eg EGY,MF,eg Al Ahly,32,1992,3,1,88,1,0,0,0,0,0,0,0,0,0,0,0,0,0,Matches
587,Peter Shalulile,na NAM,FW,za Mamelodi Sundowns,32,1992,1,0,14,0.2,0,0,0,0,0,0,0,0,0,0,0,0,0,Matches
588,Mohamed El-Shenawy,eg EGY,GK,eg Al Ahly,36,1988,3,3,270,3,0,0,0,0,0,0,0,0,0,0,0,0,0,Matches
589,António Silva,pt POR,DF,pt Benfica,21,2003,4,4,385,4.3,0,0,0,0,0,0,1,0,0,0,0,0,0,Matches
590,Bernardo Silva,pt POR,MF,eng Manchester City,30,1994,3,3,267,3,1,1,2,1,0,0,0,0,0.34,0.34,0.67,0.34,0.67,Matches
591,Thiago Silva,br BRA,DF,br Fluminense,40,1984,5,5,450,5,0,0,0,0,0,0,1,0,0,0,0,0,0,Matches
592,Giuliano Simeone,ar ARG,MF,es Atlético Madrid,22,2002,3,3,209,2.3,0,1,1,0,0,0,1,0,0,0.43,0.43,0,0.43,Matches
593,Artem Smoliakov,ua UKR,DF,us LAFC,21,2003,1,0,45,0.5,0,0,0,0,0,0,0,0,0,0,0,0,0,Matches
594,Everton Soares,br BRA,MF,br Flamengo,28,1996,2,1,59,0.7,0,0,0,0,0,0,0,0,0,0,0,0,0,Matches
595,Omar Al Somah,sy SYR,FW,ma Wydad AC,35,1989,2,1,106,1.2,0,0,0,0,0,0,0,0,0,0,0,0,0,Matches
596,Yann Sommer,ch SUI,GK,it Inter,36,1988,4,4,360,4,0,0,0,0,0,0,0,0,0,0,0,0,0,Matches
597,Yeferson Soteldo,ve VEN,"FW,MF",br Fluminense,27,1997,1,0,25,0.3,0,0,0,0,0,0,1,0,0,0,0,0,0,Matches
598,Josip Stanišić,hr CRO,DF,de Bayern Munich,24,2000,5,5,384,4.3,0,0,0,0,0,0,0,0,0,0,0,0,0,Matches
599,Everaldo Stum,br BRA,FW,br Fluminense,33,1991,6,1,204,2.3,0,0,0,0,0,0,0,0,0,0,0,0,0,Matches
600,Luis Suárez,uy URU,FW,us Inter Miami,38,1987,4,4,342,3.8,1,1,2,1,0,0,2,0,0.26,0.26,0.53,0.26,0.53,Matches
Rk,Player,Nation,Pos,Squad,Age,Born,MP,Starts,Min,90s,Gls,Ast,G+A,G-PK,PK,PKatt,CrdY,CrdR,Gls,Ast,G+A,G-PK,G+A-PK,Matches
601,Petar Sucic,hr CRO,MF,it Inter,21,2003,4,0,96,1.1,0,1,1,0,0,0,0,0,0,0.94,0.94,0,0.94,Matches
602,Niklas Süle,de GER,DF,de Dortmund,29,1995,4,4,307,3.4,0,0,0,0,0,0,0,0,0,0,0,0,0,Matches
603,Valentin Sulzbacher,at AUT,MF,at RB Salzburg,19,2005,1,1,54,0.6,0,1,1,0,0,0,0,0,0,1.67,1.67,0,1.67,Matches
604,Daniel Svensson,se SWE,"MF,DF",de Dortmund,22,2002,5,5,450,5,1,0,1,1,0,0,0,0,0.2,0,0.2,0.2,0.2,Matches
605,Alexander Sørloth,no NOR,FW,es Atlético Madrid,29,1995,3,2,169,1.9,0,0,0,0,0,0,0,0,0,0,0,0,0,Matches
606,Jonathan Tah,de GER,DF,de Bayern Munich,28,1996,5,4,393,4.4,0,1,1,0,0,0,1,0,0,0.23,0.23,0,0.23,Matches
607,Hassan Al Tambakti,sa KSA,DF,sa Al-Hilal,25,1999,3,3,253,2.8,0,0,0,0,0,0,0,0,0,0,0,0,0,Matches
608,Aurélien Tchouaméni,fr FRA,"MF,DF",es Real Madrid,25,2000,6,6,534,5.9,0,0,0,0,0,0,1,0,0,0,0,0,0,Matches
609,Alex Telles,br BRA,DF,br Botafogo (RJ),32,1992,4,4,264,2.9,0,1,1,0,0,0,1,0,0,0.34,0.34,0,0.34,Matches
610,Khéphren Thuram,fr FRA,MF,it Juventus,23,2001,4,3,259,2.9,0,2,2,0,0,0,1,0,0,0.69,0.69,0,0.69,Matches
611,Marcus Thuram,fr FRA,FW,it Inter,27,1997,2,1,97,1.1,0,0,0,0,0,0,0,0,0,0,0,0,0,Matches
612,Timmy Tillman,us USA,MF,us LAFC,26,1999,3,2,187,2.1,0,1,1,0,0,0,1,0,0,0.48,0.48,0,0.48,Matches
613,Houssem Tka,tn TUN,MF,tn Espérance Tunis,24,2000,1,0,8,0.1,0,0,0,0,0,0,0,0,0,0,0,0,0,Matches
614,Nouhou Tolo,cm CMR,DF,us Seattle Sounders,27,1997,2,2,135,1.5,0,0,0,0,0,0,1,0,0,0,0,0,0,Matches
615,Zhou Tong,cn CHN,MF,nz Auckland City,35,1990,2,1,70,0.8,0,0,0,0,0,0,0,0,0,0,0,0,0,Matches
616,Facundo Torres,uy URU,MF,br Palmeiras,24,2000,4,3,231,2.6,0,0,0,0,0,0,0,0,0,0,0,0,0,Matches
617,Óliver Torres,es ESP,MF,mx Monterrey,30,1994,3,3,229,2.5,0,2,2,0,0,0,0,0,0,0.79,0.79,0,0.79,Matches
618,Conor Tracey,nz NZL,GK,nz Auckland City,27,1997,1,1,90,1,0,0,0,0,0,0,0,0,0,0,0,0,0,Matches
619,Trézéguet,eg EGY,"MF,FW",eg Al Ahly,30,1994,3,3,183,2,0,0,0,0,0,1,0,0,0,0,0,0,0,Matches
620,Miłosz Trojak,pl POL,DF,kr Ulsan HD,30,1994,3,3,265,2.9,0,0,0,0,0,0,0,0,0,0,0,0,0,Matches
621,Anatolii Trubin,ua UKR,GK,pt Benfica,23,2001,4,4,390,4.3,0,0,0,0,0,0,0,0,0,0,0,0,0,Matches
622,Hamad Al Tuhayfan,sa KSA,DF,sa Al-Hilal,25,1999,5,0,77,0.9,0,0,0,0,0,0,0,0,0,0,0,0,0,Matches
623,Joshua Udoh,ng NGA,MF,ae Al Ain FC,17,2007,1,0,1,0,0,0,0,0,0,0,0,0,0,0,0,0,0,Matches
624,Dayot Upamecano,fr FRA,DF,de Bayern Munich,26,1998,5,3,291,3.2,0,1,1,0,0,0,0,0,0,0.31,0.31,0,0.31,Matches
625,Óscar Ustari,ar ARG,GK,us Inter Miami,38,1986,4,4,360,4,0,0,0,0,0,0,0,0,0,0,0,0,0,Matches
Rk,Player,Nation,Pos,Squad,Age,Born,MP,Starts,Min,90s,Gls,Ast,G+A,G-PK,PK,PKatt,CrdY,CrdR,Gls,Ast,G+A,G-PK,G+A-PK,Matches
626,Jordan Vale,nz NZL,MF,nz Auckland City,30,1994,1,0,37,0.4,0,0,0,0,0,0,0,0,0,0,0,0,0,Matches
627,Federico Valverde,uy URU,"MF,FW",es Real Madrid,26,1998,6,6,522,5.8,2,0,2,2,0,1,0,0,0.34,0,0.34,0.34,0.34,Matches
628,Vanderlan,br BRA,DF,br Palmeiras,22,2002,2,1,105,1.2,0,0,0,0,0,0,0,0,0,0,0,0,0,Matches
629,Alan Varela,ar ARG,MF,pt Porto,23,2001,3,3,199,2.2,0,0,0,0,0,0,0,0,0,0,0,0,0,Matches
630,Guillermo Varela,uy URU,DF,br Flamengo,31,1993,3,2,189,2.1,0,0,0,0,0,0,0,0,0,0,0,0,0,Matches
631,Obed Vargas,mx MEX,MF,us Seattle Sounders,19,2005,3,3,266,3,0,0,0,0,0,0,0,0,0,0,0,0,0,Matches
632,Lucas Vázquez,es ESP,"DF,FW",es Real Madrid,33,1991,2,0,34,0.4,0,0,0,0,0,0,0,0,0,0,0,0,0,Matches
633,Gabriel Veiga,es ESP,"MF,FW",pt Porto,22,2002,3,2,146,1.6,0,1,1,0,0,0,0,0,0,0.62,0.62,0,0.62,Matches
634,Raphael Veiga,br BRA,MF,br Palmeiras,29,1995,4,2,122,1.4,0,0,0,0,0,0,1,0,0,0,0,0,0,Matches
635,Alan Velasco,ar ARG,"MF,FW",ar Boca Juniors,22,2002,3,3,189,2.1,0,1,1,0,0,0,0,0,0,0.48,0.48,0,0.48,Matches
636,João Veloso,pt POR,MF,pt Benfica,19,2005,1,0,36,0.4,0,0,0,0,0,0,0,0,0,0,0,0,0,Matches
637,Yorbe Vertessen,be BEL,"FW,MF",at RB Salzburg,24,2001,3,0,68,0.8,0,0,0,0,0,0,0,0,0,0,0,0,0,Matches
638,Fabio Vieira,pt POR,MF,pt Porto,24,2000,3,3,239,2.7,0,1,1,0,0,0,0,0,0,0.38,0.38,0,0.38,Matches
639,Matías Viña,uy URU,"DF,MF",br Flamengo,27,1997,1,0,9,0.1,0,0,0,0,0,0,0,0,0,0,0,0,0,Matches
640,Vitinha,pt POR,MF,fr Paris Saint-Germain,24,2000,7,7,630,7,1,2,3,1,0,0,0,0,0.14,0.29,0.43,0.14,0.43,Matches
641,Vitinho,br BRA,DF,br Botafogo (RJ),25,1999,4,4,373,4.1,0,1,1,0,0,0,0,0,0,0.24,0.24,0,0.24,Matches
642,Dušan Vlahović,rs SRB,FW,it Juventus,25,2000,3,1,128,1.4,2,0,2,1,1,1,0,0,1.41,0,1.41,0.7,0.7,Matches
643,Ryan de Vries,nz NZL,"FW,MF",nz Auckland City,33,1991,2,0,38,0.4,0,0,0,0,0,0,0,0,0,0,0,0,0,Matches
644,Stefan de Vrij,nl NED,DF,it Inter,32,1992,3,2,188,2.1,0,0,0,0,0,0,0,0,0,0,0,0,0,Matches
645,Mohamed Wael Derbali,tn TUN,MF,tn Espérance Tunis,21,2003,3,0,76,0.8,0,0,0,0,0,0,1,0,0,0,0,0,0,Matches
646,Wallace,br BRA,MF,br Flamengo,19,2005,3,0,38,0.4,2,0,2,2,0,0,0,0,4.74,0,4.74,4.74,4.74,Matches
647,Ryoma Watanabe,jp JPN,MF,jp Urawa Reds,28,1996,3,3,270,3,1,0,1,1,0,0,1,0,0.33,0,0.33,0.33,0.33,Matches
648,Timothy Weah,us USA,"DF,FW",it Juventus,24,2000,1,0,45,0.5,0,0,0,0,0,0,0,0,0,0,0,0,0,Matches
649,Marcelo Weigandt,ar ARG,DF,us Inter Miami,25,2000,4,3,287,3.2,0,1,1,0,0,0,1,0,0,0.31,0.31,0,0.31,Matches
650,Wesley,br BRA,DF,br Flamengo,21,2003,2,2,171,1.9,0,0,0,0,0,0,1,0,0,0,0,0,0,Matches
Rk,Player,Nation,Pos,Squad,Age,Born,MP,Starts,Min,90s,Gls,Ast,G+A,G-PK,PK,PKatt,CrdY,CrdR,Gls,Ast,G+A,G-PK,G+A-PK,Matches
651,Wéverton,br BRA,GK,br Palmeiras,37,1987,5,5,480,5.3,0,0,0,0,0,0,1,0,0,0,0,0,0,Matches
652,Ronwen Williams,za RSA,GK,za Mamelodi Sundowns,33,1992,3,3,270,3,0,0,0,0,0,0,0,0,0,0,0,0,0,Matches
653,Estêvão Willian,br BRA,MF,br Palmeiras,17,2007,5,5,382,4.2,1,0,1,1,0,0,1,0,0.24,0,0.24,0.24,0.24,Matches
654,Axel Witsel,be BEL,"DF,MF",es Atlético Madrid,36,1989,1,0,45,0.5,1,0,1,1,0,0,0,0,2,0,2,2,2,Matches
655,Um Wonsang,kr KOR,"FW,DF",kr Ulsan HD,26,1999,2,2,164,1.8,1,1,2,1,0,0,0,0,0.55,0.55,1.1,0.55,1.1,Matches
656,Jung Woo-young,kr KOR,MF,kr Ulsan HD,35,1989,2,1,78,0.9,0,0,0,0,0,0,0,0,0,0,0,0,0,Matches
657,Samuel Xavier,br BRA,"MF,DF",br Fluminense,34,1990,5,4,357,4,0,1,1,0,0,0,0,0,0,0.25,0.25,0,0.25,Matches
658,Kaito Yasui,jp JPN,MF,jp Urawa Reds,24,2000,3,3,250,2.8,0,0,0,0,0,0,0,0,0,0,0,0,0,Matches
659,Yaw Yeboah,gh GHA,"FW,MF",us LAFC,27,1997,2,0,14,0.2,0,0,0,0,0,0,0,0,0,0,0,0,0,Matches
660,Kenan Yıldız,tr TUR,MF,it Juventus,19,2005,4,3,248,2.8,3,1,4,3,0,0,0,0,1.09,0.36,1.45,1.09,1.45,Matches
661,Park Yong-woo,kr KOR,"DF,MF",ae Al Ain FC,31,1993,3,3,255,2.8,0,0,0,0,0,0,0,0,0,0,0,0,0,Matches
662,David Yoo,nz NZL,MF,nz Auckland City,25,1999,3,3,182,2,0,0,0,0,0,0,0,0,0,0,0,0,0,Matches
663,Heo Yool,kr KOR,FW,kr Ulsan HD,23,2001,2,0,11,0.1,0,0,0,0,0,0,0,0,0,0,0,0,0,Matches
664,Kim Young-gwon,kr KOR,DF,kr Ulsan HD,34,1990,3,3,270,3,0,0,0,0,0,0,0,0,0,0,0,0,0,Matches
665,Facundo Zabala,ar ARG,DF,ae Al Ain FC,26,1999,3,3,241,2.7,0,0,0,0,0,0,1,0,0,0,0,0,0,Matches
666,Warren Zaïre-Emery,fr FRA,MF,fr Paris Saint-Germain,18,2006,7,1,200,2.2,0,0,0,0,0,0,0,0,0,0,0,0,0,Matches
667,Nicola Zalewski,pl POL,MF,it Inter,23,2002,2,1,58,0.6,0,0,0,0,0,0,0,0,0,0,0,0,0,Matches
668,Christian Zawieschitzky,at AUT,GK,at RB Salzburg,17,2007,3,3,270,3,0,0,0,0,0,0,0,0,0,0,0,0,0,Matches
669,Haris Zeb,pk PAK,MF,nz Auckland City,23,2001,2,1,83,0.9,0,0,0,0,0,0,0,0,0,0,0,0,0,Matches
670,Exequiel Zeballos,ar ARG,MF,ar Boca Juniors,22,2002,3,1,62,0.7,0,0,0,0,0,0,0,0,0,0,0,0,0,Matches
671,Oussama Zemraoui,ma MAR,MF,ma Wydad AC,22,2002,3,3,216,2.4,0,0,0,0,0,0,0,0,0,0,0,0,0,Matches
672,Kevin Zenon,ar ARG,MF,ar Boca Juniors,23,2001,3,2,213,2.4,0,0,0,0,0,0,0,0,0,0,0,0,0,Matches
673,Themba Zwane,za RSA,MF,za Mamelodi Sundowns,35,1989,3,3,245,2.7,0,0,0,0,0,0,0,0,0,0,0,0,0,Matches
